Study,Target name,sgRNA sequence,DNA site sequence,strand,start coordinate,end coordinate,chromosome,pairwise alignment score,total_bulges,#RNA bulges,#DNA bulges,PAM type,PAM N nt,20th position nt,#mismatches,#linked mismatches and bulges,continuous_inconsistencies_length,#mismatches - positions 1-4,#mismatches - positions 5-8,#mismatches - positions 9-12,#mismatches - positions 13-16,#mismatches - positions 17-20,#wobble total,#YY total,#RR total,#Tv total,nucleotides - positions 4-5,nucleotides - positions 3-4,nucleotides - positions 2-3,nucleotides - positions 1-2,nucleotide - position 5,nucleotide - position 4,nucleotide - position 3,nucleotide - position 2,nucleotide - position 1,GC content - extended,DNA enthalpy,DNA enthalpy - extended,Adenosine occupancy,Cytosine occupancy,Thymine occupancy,Guanine occupancy,downstream nt - position 1,downstream nt - position 2,downstream nt - position 3,downstream nt - position 4,downstream nt - position 5,min MGW,average Helical Twist,average Roll,average Propeller Twist,MGW NNGGN,Helical Twist NNGGNN,Roll NNGGNN,Propeller Twist NNGGN,distance from centromere,distance from telomere,DHS signal value,distance from DHS,nucleosome occupancy,distance from nucleosome,genomic subcompartment,NGG strand expression,non-NGG strand expression,in exon (NGG strand),in exon (non-NGG strand),transcription region,coding region,observed,CRISTA,CCTop,OptCD,CFD,crista_web
CHO,CCR5-4,AAATGAGAAGAAGAGGCACAGGG,AAATGAGAAGAAGAGGCACAGGG,+,46415068,46415090,3,20,0,0,0,GG,G,A,0,0,0,0,0,0,0,0,0,0,0,0,GC,CA,AC,CA,G,C,A,C,A,0.466367713,174.4,1752.2,11,2,1,9,C,T,G,T,G,3.84,34.32241379,-1.016896552,-6.185714286,4.73,33.525,-2.07,-1.88,44089764,46405068,0,4800,1,0,1,0,3.03465,1,0,1,1,0.62054402,0.917541579,0,1,1,0.9293
CHO,CCR5-4,AAATGAGAAGAAGAGGCACAGGG,AAACGAGAAGAAGAGGCATAGGG,+,46399717,46399739,3,18,0,0,0,GG,G,A,2,2,1,1,0,0,0,1,1,0,0,1,GC,CA,AT,TA,G,C,A,T,A,0.466367713,180.7,1744.4,11,2,1,9,C,A,G,T,G,4.43,34.22344828,-0.804137931,-6.241785714,4.73,33.68,-1.97,-1.88,44105115,46389717,0,-1,0,251,1,0,0,1,0,1,1,0.021123433,0.6891213,-19.68842589,0.04275,0.298642534,0.7187
CHO,CCR5-4,AAATGAGAAGAAGAGGCACAGGG,AAATGAGAACAAGAGGCAGAGGG,-,82441502,82441524,1,18,0,0,0,GG,G,A,2,2,1,1,0,1,0,0,0,1,1,0,GC,CA,AG,GA,G,C,A,G,A,0.32735426,174.4,1764.3,11,2,1,9,G,C,A,A,A,3.84,34.52051724,-1.496724138,-6.433214286,4.62,33.585,-2.215,-1.32,39093910,82431502,0,-1,0,52,5,0,0,0,0,1,1,3.79E-05,0.671069208,-22.07160669,0.023356716,0.05,0.7054
CHO,CCR5-4,AAATGAGAAGAAGAGGCACAGGG,AAATGTGAAGAAAAGGCACAGGG,+,131177816,131177838,12,18,0,0,0,GG,G,A,2,2,1,0,1,0,1,0,1,0,1,0,GC,CA,AC,CA,G,C,A,C,A,0.439461883,178.1,1716.9,11,2,2,8,C,C,A,T,C,3.68,34.73517241,-1.184310345,-7.118571429,4.73,33.555,-2.26,-1.88,93321122,2664057,0,-1,0,30,3,0,2.77155,0,0,0,0,0,0.680010177,-7.919736422,0.016599123,0.659340659,0.7239
CHO,CCR5-4,AAATGAGAAGAAGAGGCACAGGG,AAATGAGAATAAGAGGAACAGGG,-,58518942,58518964,14,18,0,0,0,GG,G,A,2,2,1,1,0,1,0,0,0,1,1,0,GA,AA,AC,CA,G,A,A,C,A,0.511210762,173.4,1747.3,12,1,2,8,G,C,A,T,G,3.84,34.42689655,-1.335862069,-6.829285714,4.62,33.585,-2.215,-1.32,39518942,48820576,0,-1,1,0,4,1.77885,0,0,0,1,1,0,0.734346855,-16.42236545,0.025138489,0.379166667,0.7353
CHO,CCR5-4,AAATGAGAAGAAGAGGCACAGGG,AAATGAGAAGTTGAGGCTCATGG,+,60161282,60161304,1,17,0,0,0,GG,T,A,3,2,1.5,1,0,2,0,0,0,0,3,0,GC,CT,TC,CA,G,C,T,C,A,0.426008969,170,1694.6,8,2,5,8,G,A,G,A,T,3.34,34.32068966,-1.411551724,-6.756071429,5.19,33.34,-2.03,-2.37,61374130,60151282,0,3700,0,30,2,4.675825,0,0,0,1,1,0,0.480466149,-51.48995217,0.001394891,0.051282051,0.4729
CHO,CCR5-4,AAATGAGAAGAAGAGGCACAGGG,AAATCATATGAAGAGGCACAAGG,+,75107577,75107599,1,17,0,0,0,GG,A,A,3,3,1,0,0,1,2,0,0,0,3,0,GC,CA,AC,CA,G,C,A,C,A,0.358744395,171.2,1748.2,11,3,3,6,G,T,A,G,C,3.38,34.55068966,-1.14637931,-7.323928571,4.42,34.195,-3.355,-0.14,46427835,75097577,0,-1,0,469,5,0,0,0,0,1,1,0,0.48514156,-33.12291728,0.009977208,0.269387755,0.4679
CHO,CCR5-4,AAATGAGAAGAAGAGGCACAGGG,AAACGAGAAGAAGCTGCACATGG,+,79410853,79410875,10,17,0,0,0,GG,T,A,3,2,1.5,0,2,0,0,1,1,0,2,0,GC,CA,AC,CA,G,C,A,C,A,0.524663677,174.3,1792.4,10,4,2,7,C,C,A,G,G,4.14,34.44706897,-0.789827586,-6.635357143,5.23,33.31,-1.97,-3.12,37155918,56113872,0,-1,0,112,2,0,0,0,0,0,0,0,0.49257118,-44.16951744,0.001193588,0.019807923,0.4954
CHO,CCR5-4,AAATGAGAAGAAGAGGCACAGGG,AAATGAGAAGATCAGTCACAAGG,-,93484023,93484045,10,17,0,0,0,GG,A,A,3,2,1.5,0,2,1,0,0,0,0,3,0,TC,CA,AC,CA,T,C,A,C,A,0.394618834,160,1727.3,11,3,3,6,C,T,G,A,C,3.84,34.52482759,-1.371206897,-7.0025,4.51,34.285,-2.665,-1.5,51229088,42040702,0,-1,1,0,2,0,0,0,0,0,0,1.77E-06,0.458559672,-48.67417059,0.000794687,0,0.4451
CHO,CCR5-4,AAATGAGAAGAAGAGGCACAGGG,AAATGAGGACAAGAGGCAGAGGG,+,127759551,127759573,11,17,0,0,0,GG,G,A,3,3,1,1,0,1,1,0,0,1,1,1,GC,CA,AG,GA,G,C,A,G,A,0.372197309,176.3,1716.4,10,2,1,10,A,G,G,C,A,3.84,34.1262069,-1.326724138,-5.3875,4.68,33.545,-1.305,-1.76,73115346,7236943,0,-1,0,109,5,0,0,0,0,0,0,1.36E-05,0.531368018,-24.55992669,0.008389932,0.036666667,0.5427
CHO,CCR5-4,AAATGAGAAGAAGAGGCACAGGG,AAATGAGAAGGAGTGGCAGATGG,-,91416320,91416342,13,17,0,0,0,GG,T,A,3,3,1,1,1,1,0,0,0,1,1,1,GC,CA,AG,GA,G,C,A,G,A,0.417040359,171.9,1720.4,9,1,3,10,C,T,C,T,G,3.84,34.30793103,-1.294655172,-5.800357143,5.23,33.37,-2.31,-3.12,72416320,23743536,0,-1,0,100,5,0,0,0,0,0,0,0,0.483738671,-56.84165984,0.000696103,0.043333333,0.4818
CHO,CCR5-4,AAATGAGAAGAAGAGGCACAGGG,AAATGAGAAAAATAGGCAGAGGG,+,35625928,35625950,14,17,0,0,0,GG,G,A,3,3,1,1,1,1,0,0,1,1,1,0,GC,CA,AG,GA,G,C,A,G,A,0.33632287,181.5,1716.2,12,1,2,8,T,G,T,T,T,3.38,34.93637931,-1.877241379,-8.465714286,4.29,34.415,-1.565,-2.62,16625928,35615928,0,3400,0,229,2,7.6349,0,0,0,1,1,6.70E-05,0.516656247,-28.26334311,0.003078233,0.035,0.5395
CHO,CCR5-4,AAATGAGAAGAAGAGGCACAGGG,AAAAGAGAAGCTGAGGCACAGGG,-,29656543,29656565,15,17,0,0,0,GG,G,A,3,2,1.5,0,0,2,0,1,0,1,2,0,GC,CA,AC,CA,G,C,A,C,A,0.497757848,179.1,1770.9,10,3,1,9,C,A,G,G,T,3.68,34.26706897,-1.395517241,-5.5825,4.73,33.68,-1.97,-1.88,9656543,29646543,0,250,1,0,4,4.8431,0,0,0,1,1,0,0.575355642,-10.65959731,0.007296962,0.063492063,0.5708
CHO,CCR5-4,AAATGAGAAGAAGAGGCACAGGG,AAAGGAGAAGGAGAGGCAGACGG,+,21069052,21069074,16,17,0,0,0,GG,C,A,3,3,1,1,0,1,0,1,0,2,0,1,GC,CA,AG,GA,G,C,A,G,A,0.520179372,181.4,1797.7,10,2,0,11,T,G,G,C,C,4.05,34.21862069,-1.431896552,-5.461428571,4.97,34.68,-0.95,-4.33,14266727,21059052,0,-1,0,300,3,0,2.2822,0,0,1,1,0,0.475683326,-50.61157613,0.005678077,0.05078125,0.4775
CHO,CCR5-5,CCTGCCTCCGCTCTACTCACTGG,CCTGCCTCCGCTCTACTCACTGG,+,46414489,46414511,3,20,0,0,0,GG,T,C,0,0,0,0,0,0,0,0,0,0,0,0,CT,TC,CA,AC,C,T,C,A,C,0.461883408,178.1,1737,2,11,6,4,T,G,T,T,C,4.63,33.95137931,-0.914655172,-5.485714286,5.19,34.6,-0.66,-4.44,44090343,46404489,0,4250,1,0,1,0,3.03465,1,0,1,1,0.795600722,0.888824097,0,1,1,0.8856
CHO,CCR5-5,CCTGCCTCCGCTCTACTCACTGG,CCTGCCTCCGCTCTACTCGCTGG,+,46399150,46399172,3,19,0,0,0,GG,T,C,1,1,1,1,0,0,0,0,0,0,0,1,CT,TC,CG,GC,C,T,C,G,C,0.466367713,188.8,1768.8,1,11,6,5,T,G,T,T,C,4.63,33.97362069,-0.865344828,-5.249285714,5.19,34.6,-0.66,-4.44,44105682,46389150,0,-1,0,272,1,0,0,1,0,1,1,0.018920229,0.659052451,-18.48842589,0.315,0.375,0.7043
CHO,CCR5-5,CCTGCCTCCGCTCTACTCACTGG,CCTGCCTCCTCTCTATTCTCCGG,+,151346657,151346679,1,17,0,0,0,GG,C,C,3,3,1,1,1,1,0,0,0,0,2,1,TT,TC,CT,TC,T,T,C,T,C,0.484304933,182.3,1777.8,1,11,8,3,C,T,T,C,T,4.17,33.99568966,-1.65362069,-4.973928571,5.36,33.34,-1.385,-3.58,26811223,97893942,0,1300,1,0,1,0,0,0,0,0,0,0,0.372698393,-59.39426051,0.001368104,0.134615385,0.3747
CHO,CCR5-5,CCTGCCTCCGCTCTACTCACTGG,CCTGCCTCCGCGCTGCTCTCGGG,-,40149530,40149552,1,17,0,0,0,GG,G,C,3,3,1,1,1,1,0,0,0,1,1,1,CT,TC,CT,TC,C,T,C,T,C,0.721973094,202.5,2027.7,0,11,5,7,C,T,T,C,G,4.17,33.88017241,-1.005172414,-3.951785714,4.95,33.645,-1.845,-2.73,81385882,40139530,0.0286,0,0,142,1,3.552975,0,0,0,1,1,0,0.405288951,-59.18763997,0.001118875,0.175,0.4276
CHO,CCR5-5,CCTGCCTCCGCTCTACTCACTGG,CCTGCCACAGCTCTACTCGCAGG,-,239016934,239016956,2,17,0,0,0,GG,A,C,3,3,1,1,0,1,1,0,0,2,0,1,CT,TC,CG,GC,C,T,C,G,C,0.591928251,178.4,1825.1,4,10,4,5,C,T,G,C,T,4.33,33.83482759,-0.782241379,-4.145,4.94,33.995,-2.16,-1.28,143690763,4172417,0,500,1,0,1,0,6.337125,0,0,1,1,4.23E-05,0.424260122,-50.17134317,0.003851062,0.28125,0.4285
CHO,CCR5-5,CCTGCCTCCGCTCTACTCACTGG,CCTGCCTCTGCTCTCCTCCCAGG,+,72326315,72326337,10,17,0,0,0,GG,A,C,3,3,1,1,1,1,0,0,0,0,2,1,CT,TC,CC,CC,C,T,C,C,C,0.596412556,182.6,1808.5,1,12,6,4,T,G,G,C,A,4.42,33.84465517,-1.115344828,-3.977857143,4.54,35.165,-1.64,-1.68,30071380,63198410,0,-1,1,0,1,5.048825,0,1,0,1,1,0,0.484939545,-57.01384362,0.001478552,0.049373041,0.4964
CHO,CCR5-5,CCTGCCTCCGCTCTACTCACTGG,CCTGCCTCCTGTCTACTCTCAGG,-,45413263,45413285,11,17,0,0,0,GG,A,C,3,2,1.5,1,0,2,0,0,0,1,2,0,CT,TC,CT,TC,C,T,C,T,C,0.609865471,168.5,1833.9,2,10,7,4,A,G,A,A,G,4.5,33.95948276,-1.378275862,-5.118214286,4.92,34.175,-1.185,-0.9,6230920,45403263,0,-1,1,0,3,0,0,0,0,0,0,0,0.509132562,-52.99475693,0.00441452,0.109375,0.4883
CHO,CCR5-5,CCTGCCTCCGCTCTACTCACTGG,CCTGCCCTCACTCTACTCACAGG,-,75166399,75166421,11,17,0,0,0,GG,A,C,3,2,1.5,0,0,1,2,0,2,0,0,1,CT,TC,CA,AC,C,T,C,A,C,0.596412556,167.4,1811.8,4,11,5,3,C,C,T,C,C,4.63,33.78017241,-1.084482759,-4.663571429,4.94,33.85,-1.75,-1.28,20522194,59830095,0,3550,0,350,1,5.7541,0,0,0,1,1,0.000341451,0.534430208,-34.76843408,0.01492112,0.561458333,0.5522
CHO,CCR5-5,CCTGCCTCCGCTCTACTCACTGG,CCTGTCTCCTCTCCACTCACTGG,+,52993823,52993845,12,17,0,0,0,GG,T,C,3,3,1,0,1,1,1,0,1,0,1,1,CT,TC,CA,AC,C,T,C,A,C,0.506726457,161.5,1728.2,2,11,7,3,G,G,T,C,A,4.45,34.00810345,-1.063448276,-4.903214286,5.39,33.4,-1.855,-2.47,15137129,52983823,0,4900,1,0,3,0,3.15785,0,0,1,1,0,0.517314903,-12.45326451,0.003762411,0.147727273,0.5175
CHO,CCR5-5,CCTGCCTCCGCTCTACTCACTGG,CCTGGCTCCTCTCTCCTCACTGG,+,111877653,111877675,12,17,0,0,0,GG,T,C,3,3,1,0,1,1,1,0,0,1,2,0,CT,TC,CA,AC,C,T,C,A,C,0.565022422,172.6,1787.5,1,11,7,4,G,G,G,C,T,4.33,33.75362069,-1.670172414,-3.575714286,5.39,33.4,-1.855,-2.47,74020959,21964220,0,1750,1,0,1,0,0,0,0,1,1,0,0.467002368,-13.93928125,0.007181071,0.132954546,0.478
CHO,CCR5-5,CCTGCCTCCGCTCTACTCACTGG,CCAGTCTCCGCTCTCCTCACTGG,-,92900439,92900461,14,17,0,0,0,GG,T,C,3,3,1,0,1,0,1,1,0,1,1,1,CT,TC,CA,AC,C,T,C,A,C,0.529147982,172.2,1736,2,11,6,4,G,C,T,G,T,4.57,33.95913793,-1.054137931,-4.545714286,5.39,33.495,-2.02,-2.47,73900439,14439079,0,-1,0,15,2,0,3.3585,0,0,1,1,3.37E-05,0.489295781,-11.35610045,0.007083224,0.123966942,0.4906
CHO,CCR5-5,CCTGCCTCCGCTCTACTCACTGG,CCTGCCTCCTCACTCCTCACAGG,+,86576167,86576189,15,17,0,0,0,GG,A,C,3,3,1,0,1,2,0,0,0,1,2,0,CT,TC,CA,AC,C,T,C,A,C,0.443946188,171.5,1712.8,3,12,5,3,T,G,C,T,G,4.33,33.89568966,-0.92137931,-4.568928571,4.54,35.165,-1.64,-1.68,66576167,15945203,0,-1,0,42,4,0,0,0,0,0,0,0,0.484793811,-44.28239488,0.00311743,0.177272727,0.5018
CHO,CCR5-6,ATGAACACCAGTGAGTAGAGCGG,ATGAACACCAGTGAGTAGAGCGG,-,46414496,46414518,3,20,0,0,0,GG,C,A,0,0,0,0,0,0,0,0,0,0,0,0,TA,AG,GA,AG,T,A,G,A,G,0.466367713,165.9,1740,8,4,3,8,A,G,G,C,A,3.9,34.09706897,-0.79137931,-5.752142857,5.27,33.51,-0.75,-3.15,44090336,46404496,0,4250,1,0,1,3.03465,0,0,1,1,1,0.512419172,0.920761778,0,1,1,0.9197
CHO,CCR5-6,ATGAACACCAGTGAGTAGAGCGG,ATGAACACCAGCGAGTAGAGCGG,-,46399157,46399179,3,19,0,0,0,GG,C,A,1,1,1,0,0,1,0,0,1,0,0,0,TA,AG,GA,AG,T,A,G,A,G,0.470852018,176.6,1765.1,8,5,2,8,A,G,G,C,A,3.9,34.10258621,-0.754655172,-5.48,5.27,33.51,-0.75,-3.15,44105675,46389157,0,-1,0,279,1,0,0,0,1,1,1,0.343189089,0.720522917,-5.159780352,0.492,0.947368421,0.7696
CHO,CCR5-6,ATGAACACCAGTGAGTAGAGCGG,ATGAACTCCTGTGAGTAGAGAGG,+,132116628,132116650,3,18,0,0,0,GG,A,A,2,2,1,0,0,1,1,0,0,0,2,0,TA,AG,GA,AG,T,A,G,A,G,0.385650224,157.4,1676.8,7,3,5,8,A,A,A,C,A,3.95,34.28793103,-0.835517241,-6.923214286,4.8,34.28,-1.405,-0.44,38611774,65895780,0,800,1,0,2,0,0,0,0,0,0,0,0.701190401,-32.28011408,0.035999449,0.386029412,0.7108
CHO,CCR5-6,ATGAACACCAGTGAGTAGAGCGG,ATGAACTCCAGGGAGAAGAGAGG,+,141099499,141099521,2,17,0,0,0,GG,A,A,3,3,1,0,1,1,1,0,0,2,1,0,AA,AG,GA,AG,A,A,G,A,G,0.399103139,169.3,1733.6,9,3,2,9,G,A,A,A,G,3.35,34.28758621,-1.745172414,-6.279642857,4.78,33.865,-2.565,-0.03,45773328,102089852,0,-1,1,0,5,0,1.546875,0,0,1,1,0,0.441443709,-44.55603417,0.001584655,0.198863636,0.4289
CHO,CCR5-6,ATGAACACCAGTGAGTAGAGCGG,AGGAAAACCAGTGAGAAGAGTGG,+,201563446,201563468,2,17,0,0,0,GG,T,A,3,3,1,0,1,0,1,1,0,3,0,0,AA,AG,GA,AG,A,A,G,A,G,0.340807175,167.7,1710.7,10,2,2,9,C,A,T,T,G,4.05,34.48189655,-1.057758621,-7.171785714,5.46,33.225,-1.425,-4.03,106237275,41625905,0,-1,0,241,2,2.023625,0,0,0,1,0,3.85E-05,0.395706827,-39.88398715,0.003278839,0.709090909,0.4057
CHO,CCR5-6,ATGAACACCAGTGAGTAGAGCGG,AAGAACAGCAGTGAATAGAGAGG,+,128303265,128303287,10,17,0,0,0,GG,A,A,3,3,1,0,1,0,1,1,1,2,0,0,TA,AG,GA,AG,T,A,G,A,G,0.443946188,163.6,1750.4,11,2,2,8,G,G,C,G,T,4.51,34.15568966,-0.71637931,-6.236428571,4.78,33.825,-2.585,-0.03,86048330,7221460,0,-1,0,2,4,0,2.827125,0,0,0,0,0,0.435207149,-38.86108706,0.00847504,0.51195863,0.4517
CHO,CCR5-6,ATGAACACCAGTGAGTAGAGCGG,AGGAACACCAGTGGGAAGAGAGG,-,7087456,7087478,10,17,0,0,0,GG,A,A,3,3,1,0,2,0,0,1,0,2,0,1,AA,AG,GA,AG,A,A,G,A,G,0.417040359,171.5,1728.5,9,3,1,10,T,T,C,C,A,3.64,34.20931034,-1.185,-6.240714286,4.37,35.27,-2.29,-0.88,32167457,7077456,0,2450,0,210,4,0,0,0,0,0,0,0,0.453202681,-45.58607086,0.000807516,0.356363637,0.4684
CHO,CCR5-6,ATGAACACCAGTGAGTAGAGCGG,AGAAACACTAGTGAGTAGAGGGG,-,87003146,87003168,11,17,0,0,0,GG,G,A,3,2,1.5,0,0,1,0,2,1,1,0,1,TA,AG,GA,AG,T,A,G,A,G,0.421524664,164.4,1701.6,9,2,3,9,A,G,A,G,C,4.62,34.07310345,-1.072068966,-5.919642857,4.76,33.57,-1.115,-1.44,32358941,47993348,0,1600,1,0,5,0,6.971775,0,0,1,1,0.000175852,0.540537752,-31.44265061,0.013493388,0.55125,0.5213
CHO,CCR5-6,ATGAACACCAGTGAGTAGAGCGG,ATGAACACCAGTGAATACATAGG,+,26868591,26868613,12,17,0,0,0,GG,A,A,3,2,1.5,2,1,0,0,0,1,0,2,0,TA,AC,CA,AT,T,A,C,A,T,0.322869955,159.8,1696,10,4,4,5,T,T,T,T,G,3.64,34.57103448,-0.291034483,-8.593571429,4.68,35.3,-2.005,-1.54,7988081,26858591,0,-1,0,442,2,0,0,0,0,1,1,0,0.42806258,-73.13256637,0.000562295,0.31372549,0.4367
CHO,CCR5-6,ATGAACACCAGTGAGTAGAGCGG,ATGAACACCAGTGAATAAAATGG,+,56197552,56197574,12,17,0,0,0,GG,T,A,3,2,1.5,2,1,0,0,0,3,0,0,0,TA,AA,AA,AA,T,A,A,A,A,0.385650224,166.8,1783.4,11,3,4,5,T,A,G,T,T,3.63,34.59206897,-0.853275862,-8.463214286,4.97,34.425,-0.95,-4.33,18340858,56187552,0,-1,1,0,1,0,9.889325,0,0,1,1,0,0.486208805,-73.13256637,0.000562295,0.610859729,0.4693
CHO,CCR5-6,ATGAACACCAGTGAGTAGAGCGG,ATGAACCCTAGTGAGAAGAGAGG,+,40360296,40360318,13,17,0,0,0,GG,A,A,3,3,1,0,1,1,1,0,0,1,1,1,AA,AG,GA,AG,A,A,G,A,G,0.506726457,165.2,1775.2,9,3,3,8,A,G,G,A,A,4.03,34.095,-1.256551724,-5.933214286,4.8,34.15,-1.345,-0.44,21360296,40350296,0,-1,0,61,2,0,0,0,0,1,1,0,0.530083325,-42.38223782,0.001938947,0.348011364,0.5332
CHO,CCR5-6,ATGAACACCAGTGAGTAGAGCGG,AAGAACACAAGAGAGTAGAGAGG,+,83299509,83299531,15,17,0,0,0,GG,A,A,3,3,1,0,0,2,0,1,0,3,0,0,TA,AG,GA,AG,T,A,G,A,G,0.434977578,158,1722.2,12,2,1,8,C,A,T,T,A,4.02,34.32810345,-0.811551724,-7.165714286,4.85,33.975,-2.12,-0.7,63299509,19221861,0,-1,1,0,3,0,0,0,0,1,1,0.000911961,0.450761732,-35.60243097,0.008337031,0.58021978,0.4643
CHO,CCR5-6,ATGAACACCAGTGAGTAGAGCGG,AAGGACACCAGTGAGGAGAGTGG,+,19397166,19397188,20,17,0,0,0,GG,T,A,3,3,1,0,1,0,0,2,0,2,0,1,GA,AG,GA,AG,G,A,G,A,G,0.475336323,163.7,1733.1,8,3,2,10,C,T,C,T,G,4.31,34.00603448,-0.87,-5.598928571,5.46,33.23,-1.98,-4.03,6972381,19387166,0,-1,0,251,3,3.1324,0,0,0,1,1,0,0.454788545,-39.35598715,0.005419569,0.18306213,0.4555
CHO,CCR5-7,AACACCAGTGAGTAGAGCGGAGG,AACACCAGTGAGTAGAGCGGAGG,-,46414493,46414515,3,20,0,0,0,GG,A,A,0,0,0,0,0,0,0,0,0,0,0,0,AG,GC,CG,GG,A,G,C,G,G,0.466367713,170.3,1738.8,8,4,2,9,C,A,G,G,A,4.63,34.09189655,-0.617413793,-5.497142857,4.85,33.975,-2.12,-0.7,44090339,46404493,0,4250,1,0,1,3.03465,0,0,1,1,1,0.488793221,0.888673487,0,1,1,0.876
CHO,CCR5-7,AACACCAGTGAGTAGAGCGGAGG,AACACCAGCGAGTAGAGCGGAGG,-,46399154,46399176,3,19,0,0,0,GG,A,A,1,1,1,0,0,1,0,0,1,0,0,0,AG,GC,CG,GG,A,G,C,G,G,0.470852018,181,1767.4,8,5,1,9,C,A,G,G,A,4.63,34.09741379,-0.580689655,-5.225,4.85,33.975,-2.12,-0.7,44105678,46389154,0,-1,0,276,1,0,0,0,1,1,1,0.498178339,0.73694748,-2.985984,0.602,0.923076923,0.7568
CHO,CCR5-7,AACACCAGTGAGTAGAGCGGAGG,AACACCAGTGAGAAGAGCTGTGG,-,110654536,110654558,10,18,0,0,0,GG,T,A,2,2,1,1,1,0,0,0,0,1,1,0,AG,GC,CT,TG,A,G,C,T,G,0.452914798,162.1,1746.9,8,4,3,8,C,T,G,A,T,4.5,34.14862069,-0.960689655,-6.068571429,5.46,33.23,-1.98,-4.03,68399601,24870189,0,-1,1,0,5,0,0,0,0,0,0,5.43E-05,0.623964891,-51.30349559,0.008155616,0.461538462,0.6485
CHO,CCR5-7,AACACCAGTGAGTAGAGCGGAGG,AACTCCAGTGAGGAGAGGGGTGG,-,13116655,13116677,3,17,0,0,0,GG,T,A,3,3,1,1,1,0,0,1,0,2,1,0,AG,GG,GG,GG,A,G,G,G,G,0.461883408,173.4,1711.3,6,3,3,11,G,G,T,G,G,3.85,34.02948276,-1.421551724,-5.312142857,5.41,33.405,-1.795,-2.94,77388177,13106655,0,250,1,0,1,0,0,0,0,0,0,2.47E-05,0.439389247,-49.42209128,0.00239003,0.022134387,0.4335
CHO,CCR5-7,AACACCAGTGAGTAGAGCGGAGG,AAAACCAGTGAGCAGAGTGGAGG,-,47757010,47757032,3,17,0,0,0,GG,A,A,3,3,1,1,1,0,0,1,1,1,0,1,AG,GT,TG,GG,A,G,T,G,G,0.403587444,169.9,1680.2,9,3,2,9,G,G,T,A,A,4.05,34.33724138,-1.258965517,-6.220714286,4.78,33.825,-2.585,-0.03,42747822,47747010,0,-1,1,0,1,9.87205,0,0,0,1,1,0,0.50463799,-22.598758,0.00211867,0.439849624,0.5072
CHO,CCR5-7,AACACCAGTGAGTAGAGCGGAGG,AAAAGCAGAGAGTAGAGCGGTGG,+,30904273,30904295,10,17,0,0,0,GG,T,A,3,3,1,0,0,1,1,1,0,3,0,0,AG,GC,CG,GG,A,G,C,G,G,0.439461883,177.6,1733.7,9,2,2,10,C,T,G,G,T,3.68,34.12689655,-1.020689655,-6.020714286,5.46,33.23,-1.98,-4.03,8350640,30894273,0,2950,0,867,2,0,0,0,0,1,1,0,0.418001971,-32.04931728,0.013168246,0.482857143,0.4164
CHO,CCR5-7,AACACCAGTGAGTAGAGCGGAGG,TACTCCAGTGAGTAGAGAGGCGG,-,87942783,87942805,16,17,0,0,0,GG,C,T,3,3,1,1,0,0,0,2,0,1,2,0,AG,GA,AG,GG,A,G,A,G,G,0.609865471,168.3,1847.1,6,4,4,9,G,G,G,A,T,4.63,33.74517241,-1.211206897,-5.003571429,5.3,33.315,-1.75,-2.75,49606982,2401948,0.2213,0,1,0,1,1.069825,0,0,0,1,1,0.001110392,0.513404809,-43.9247993,0.006783242,0.342657342,0.4997
CHO,CCR5,TGACATCAATTATTATACATCGG,TGACATCAATTATTATACATCGG,+,46414423,46414445,3,20,0,0,0,GG,C,T,0,0,0,0,0,0,0,0,0,0,0,0,TA,AC,CA,AT,T,A,C,A,T,0.421524664,164.2,1753.5,8,4,8,3,A,G,C,C,C,4.24,34.25741379,-0.046896552,-7.593214286,5.36,33.575,-0.71,-3.04,44090409,46404423,0,4200,0,14,1,0,3.03465,1,0,1,1,0.701917497,0.867798663,0,1,1,0.8579
CHO,CCR5,TGACATCAATTATTATACATCGG,TGACATCACTTATTATGCATGGG,+,39019464,39019486,21,18,0,0,0,GG,G,T,2,2,1,1,0,1,0,0,0,0,1,1,TG,GC,CA,AT,T,G,C,A,T,0.349775785,164.5,1707.8,6,4,8,5,C,T,A,T,T,4.14,34.19775862,-0.125344828,-7.353571429,4.96,33.63,-1.985,-2.77,24731335,9100409,0,4350,0,93,3,0,3.325475,0,0,1,1,0,0.627189341,-42.44850193,0.017474722,0.100840336,0.6644
CHO,CCR5,TGACATCAATTATTATACATCGG,TGACATAAATTATTCTACATGGG,+,146318938,146318960,7,18,0,0,0,GG,G,T,2,2,1,0,1,0,1,0,0,1,1,0,TA,AC,CA,AT,T,A,C,A,T,0.33632287,166,1709.7,8,3,8,4,C,C,A,T,G,2.85,34.49827586,-0.329827586,-8.306071429,4.96,33.66,-2.175,-2.77,85264607,12809703,0,-1,0,48,5,2.8673,0,0,0,1,1,0,0.60445741,-37.61303373,0.014264401,0.204545455,0.6481
CHO,CCR5,TGACATCAATTATTATACATCGG,TGAAATCAATTATCATAGATCGG,-,50294225,50294247,5,17,0,0,0,GG,C,T,3,3,1,1,1,0,0,1,1,2,0,0,TA,AG,GA,AT,T,A,G,A,T,0.32735426,167.5,1682.5,9,3,7,4,A,G,T,G,T,4.12,34.32862069,-0.522241379,-7.831071429,5.36,33.575,-0.71,-3.04,888584,50284225,0,-1,0,-1,4,0,0,0,0,0,0,0,0.432355446,-24.03710528,0.000920192,0.0320802,0.4306
CHO,CCR5,TGACATCAATTATTATACATCGG,TGACATCAAATATTACACAATGG,+,95196888,95196910,10,17,0,0,0,GG,T,T,3,2,1.5,1,1,1,0,0,1,2,0,0,CA,AC,CA,AA,C,A,C,A,A,0.381165919,159.3,1699.9,10,4,6,3,G,A,G,C,A,3.79,34.5162069,-0.095862069,-7.999642857,5.19,33.34,-2.03,-2.37,52941953,40327837,0,300,0,5,2,0,4.315375,0,0,1,1,0,0.419074841,-63.09194569,0.001859405,0.321428572,0.3995
CHO,CCR5,TGACATCAATTATTATACATCGG,TTACATCAATTATGATACAGTGG,+,81732424,81732446,15,17,0,0,0,GG,T,T,3,2,1.5,1,1,0,0,1,0,2,1,0,TA,AC,CA,AG,T,A,C,A,G,0.30941704,158.2,1683,8,3,8,4,A,A,A,C,T,3.85,34.42327586,-0.500517241,-8.539285714,5.58,33.775,-0.68,-3.48,61732424,20788946,0,-1,0,107,3,0,0,0,0,1,0,3.71E-05,0.395828032,-57.07286139,0.002223215,0,0.4076
CHO,CCR5,TGACATCAATTATTATACATCGG,TGACTTCAATGATTATACAGTGG,-,32462762,32462784,1,17,0,0,0,GG,T,T,3,2,1.5,1,0,1,1,0,0,2,1,0,TA,AC,CA,AG,T,A,C,A,G,0.291479821,157,1714.9,7,3,8,5,T,T,T,C,A,3.74,34.39810345,-0.396724138,-8.184642857,5.38,34.63,-0.54,-5,89072650,32452762,0,-1,0,153,1,0,0,0,0,0,0,0,0.390130464,-54.54926131,0.007516692,0.025668449,0.4062
CHO,CCR5,TGACATCAATTATTATACATCGG,TCACATCAATTATTATAGCTTGG,+,57734127,57734149,20,17,0,0,0,GG,T,T,3,2,1.5,2,0,0,0,1,0,1,2,0,TA,AG,GC,CT,T,A,G,C,T,0.331838565,167.4,1723.3,7,4,9,3,G,A,C,A,A,4.14,34.32137931,0.047413793,-7.898571429,5.44,32.995,-1.095,-3.45,28364558,5281371,0,-1,0,110,3,0,0,0,0,0,0,2.53E-05,0.385021324,-61.35211408,0.002136721,0.019098143,0.4114
CHO,CCR5,TGACATCAATTATTATACATCGG,TGACATAAATTATTTTACTTAGG,+,86351687,86351709,12,17,0,0,0,GG,A,T,3,3,1,1,1,0,1,0,0,1,2,0,TA,AC,CT,TT,T,A,C,T,T,0.269058296,170.3,1721,8,2,10,3,T,T,A,T,C,2.85,34.73517241,-0.820862069,-9.256785714,4.68,35.3,-2.005,-1.54,48494993,47490186,0,-1,0,251,5,0,0,0,0,0,0,6.31E-05,0.403302396,-56.10145962,0.001772,0.080769231,0.4195
CHO,CCR5,TGACATCAATTATTATACATCGG,TGAAATCAATTTTTATACTTGGG,+,22659532,22659554,5,17,0,0,0,GG,G,T,3,3,1,1,0,1,0,1,0,1,2,0,TA,AC,CT,TT,T,A,C,T,T,0.264573991,175.5,1672.6,7,2,10,4,A,A,A,T,T,2.85,35.12396552,-1.742413793,-10.08642857,4.93,33.675,-1.27,-2.42,23746087,22649532,0,-1,0,-1,5,0,0,0,0,1,0,0,0.428316752,-51.47153952,0.005033538,0.151147098,0.4411
CHO,CCR5,TGACATCAATTATTATACATCGG,TGACATCAATTAATTTTCATTGG,-,82752019,82752041,13,17,0,0,0,GG,T,T,3,3,1,1,2,0,0,0,0,1,2,0,TT,TC,CA,AT,T,T,C,A,T,0.255605381,167.4,1701.8,7,3,10,3,T,T,G,A,A,2.85,34.87224138,-0.441724138,-9.533928571,5.08,34.795,-0.765,-4.69,63752019,32407837,0,-1,0,-1,5,0,0,0,0,0,0,6.94E-05,0.356320457,-54.5703548,0.001001482,0.018461538,0.3625
CHO,CCR5,TGACATCAATTATTATACATCGG,TGAAATGAATTATTAAACATTGG,-,32810788,32810810,13,17,0,0,0,GG,T,T,3,3,1,0,1,0,1,1,0,3,0,0,AA,AC,CA,AT,A,A,C,A,T,0.31838565,171.1,1723.6,10,1,8,4,C,A,G,G,A,3.75,34.88586207,-0.883793103,-9.176071429,5.56,33.17,-1.28,-3.85,13810788,32800788,0,-1,0,397,2,0,3.203175,0,0,1,1,0,0.370312776,-40.59625382,0.003493027,0.360258936,0.3705
CHO,CCR5,TGACATCAATTATTATACATCGG,TGTCACCAATTATTACACATTGG,-,28318014,28318036,4,17,0,0,0,GG,T,T,3,3,1,0,1,0,1,1,2,0,1,0,CA,AC,CA,AT,C,A,C,A,T,0.349775785,162.6,1721,7,5,8,3,T,A,T,T,T,3.79,34.57137931,-0.290172414,-9.294642857,5.08,34.5,-0.81,-4.69,21342081,28308014,0,-1,0,774,4,0,0,0,0,0,0,0,0.491083777,-40.05065382,0.002738068,0.427807487,0.494
CHO,CCR5,TGACATCAATTATTATACATCGG,TGACTTCACTTATGATACATGGG,+,113164145,113164167,3,17,0,0,0,GG,G,T,3,3,1,0,1,1,1,0,0,1,2,0,TA,AC,CA,AT,T,A,C,A,T,0.340807175,158.9,1692.8,6,4,8,5,T,A,G,A,A,3.74,34.26413793,-0.497241379,-7.441785714,4.66,34.48,-1.605,-3.38,19659291,84848263,0,-1,0,962,2,0,5.197675,0,1,1,1,0,0.449105907,-38.47940099,0.002459253,0,0.4485
CHO,CCR5-2,GACACCGAAGCAGAGTTTTTAGG,GACACCGAAGCAGAGTTTTTAGG,-,46415044,46415066,3,20,0,0,0,GG,A,G,0,0,0,0,0,0,0,0,0,0,0,0,TT,TT,TT,TT,T,T,T,T,T,0.452914798,175.6,1726.1,7,4,5,7,A,T,T,C,C,3.38,34.64293103,-1.218793103,-7.613214286,4.98,34.505,-1.19,-1.39,44089788,46405044,0,4800,0,10,1,3.03465,0,0,1,1,1,0.403456075,0.837561871,0,1,1,0.8408
CHO,CCR5-2,GACACCGAAGCAGAGTTTTTAGG,GACACCGAAGCAGGGTTTTCAGG,-,46399693,46399715,3,18,0,0,0,GG,A,G,2,1,2,1,1,0,0,0,1,0,0,1,TT,TT,TT,TC,T,T,T,T,C,0.448430493,180.5,1736.6,6,5,4,8,A,T,T,C,C,4.03,34.56034483,-1.246551724,-6.940714286,4.92,34.295,-1.23,-0.9,44105139,46389693,0,-1,0,275,1,0,0,0,1,1,1,0,0.58986325,-29.61619477,0.004156785,0.042424242,0.6224
CHO,CCR5-2,GACACCGAAGCAGAGTTTTTAGG,GAAACAGAAGCAGAGTGTTTAGG,-,77089251,77089273,4,17,0,0,0,GG,A,G,3,3,1,1,0,0,1,1,0,3,0,0,TG,GT,TT,TT,T,G,T,T,T,0.403587444,166.3,1676.9,9,2,4,8,T,A,A,C,T,3.34,34.50241379,-1.312068966,-7.453571429,4.68,35.115,-2.295,-1.54,24429134,77079251,0,-1,0,118,2,6.881925,0,0,0,1,1,0,0.398802504,-15.56718465,0.006311765,0.094677871,0.3987
CHO,CCR5-2,GACACCGAAGCAGAGTTTTTAGG,GATACTGAAGCAGAGATTTTGGG,-,76069904,76069926,6,17,0,0,0,GG,G,G,3,3,1,0,1,0,1,1,0,1,0,2,AT,TT,TT,TT,A,T,T,T,T,0.412556054,170.2,1696.6,7,2,6,8,C,A,T,G,T,3.63,34.27465517,-0.769310345,-6.861785714,4.96,33.785,-1.885,-2.77,14239738,76059904,0,-1,1,0,2,4.784575,2.555175,0,0,1,1,0,0.515690527,-40.05065382,0.002738068,0.580357143,0.5034
CHO,CCR5-2,GACACCGAAGCAGAGTTTTTAGG,GACAACAAAGTAGAGTTTTTAGG,-,100221100,100221122,7,17,0,0,0,GG,A,G,3,3,1,0,0,1,2,0,1,1,0,1,TT,TT,TT,TT,T,T,T,T,T,0.488789238,166.7,1748.9,9,2,6,6,A,G,T,G,A,3.35,34.74103448,-1.210517241,-8.322857143,4.98,34.385,-1.145,-1.39,39166769,58907541,0,750,0,332,1,6.70995,0,0,0,1,1,0,0.461051702,-7.81341696,0.009641546,0.175824176,0.4791
CHO,CCR5-2,GACACCGAAGCAGAGTTTTTAGG,GACAATAAAGCAGAGTTTTTTGG,+,133806494,133806516,8,17,0,0,0,GG,T,G,3,1,3,0,0,0,3,0,1,1,0,1,TT,TT,TT,TT,T,T,T,T,T,0.291479821,174.5,1697.2,8,2,7,6,T,T,A,G,T,3.38,34.99913793,-1.583793103,-9.216071429,5.08,34.795,-0.765,-4.69,86967607,12547506,0,1400,0,-1,2,6.01125,0,0,0,1,1,0,0.483078036,-31.86493328,0.009586184,0.530612245,0.4842
CHO,CCR5-2,GACACCGAAGCAGAGTTTTTAGG,GACACTGAAGCAGTGATTTTAGG,-,26728806,26728828,9,17,0,0,0,GG,A,G,3,3,1,0,2,0,1,0,0,1,1,1,AT,TT,TT,TT,A,T,T,T,T,0.340807175,163.8,1688.9,7,3,6,7,C,A,A,G,T,3.34,34.49758621,-0.857758621,-7.1375,4.97,34.035,-2.01,-1.23,20638851,26718806,0,-1,1,0,4,0,0,0,0,0,0,8.63E-05,0.452638399,-19.85740424,0.000436435,0.45021645,0.4607
CHO,CCR5-2,GACACCGAAGCAGAGTTTTTAGG,CACACCGAAGCTGGGTTTTTAGG,+,109269651,109269673,11,17,0,0,0,GG,A,C,3,3,1,0,1,1,0,1,0,0,2,1,TT,TT,TT,TT,T,T,T,T,T,0.286995516,184.4,1703.6,5,5,6,7,T,G,G,G,T,3.38,34.47982759,-1.258965517,-6.990357143,4.68,35.12,-1.715,-1.54,54625446,25726843,0,-1,1,0,5,0,0,0,0,0,0,8.68E-05,0.430749024,-13.2843085,0.002242918,0.111111111,0.436
CHO,CCR5-2,GACACCGAAGCAGAGTTTTTAGG,GTCAACGAAGCAGAGTTGTTGGG,+,103345127,103345149,12,17,0,0,0,GG,G,G,3,3,1,1,0,0,1,1,0,2,1,0,TT,TG,GT,TT,T,T,G,T,T,0.569506726,170.8,1807.9,6,3,5,9,G,G,T,C,T,3.95,34.315,-1,-6.6925,4.89,33.37,-2.17,-2.02,65488433,30496746,0,2100,0,196,2,0,2.095525,0,0,0,0,0,0.363965428,-44.30368819,0.006567901,0.138528138,0.3621
CHO,CCR5-2,GACACCGAAGCAGAGTTTTTAGG,GAGACAGAAGGAGAGTTTTTAGG,-,76188506,76188528,14,17,0,0,0,GG,A,G,3,3,1,0,0,1,1,1,0,3,0,0,TT,TT,TT,TT,T,T,T,T,T,0.412556054,167.1,1722.3,8,1,5,9,C,C,A,A,A,3.38,34.57293103,-1.57862069,-7.052857143,4.97,33.875,-1.925,-1.23,57188506,31151012,0,-1,0,151,1,0,6.15005,0,0,1,1,0,0.391136992,-7.02781696,0.007716686,0.116071429,0.3943
CHO,CCR5-3,GGTCCTGCCGCTGCTTGTCATGG,GGTCCTGCCGCTGCTTGTCATGG,+,46415002,46415024,3,20,0,0,0,GG,T,G,0,0,0,0,0,0,0,0,0,0,0,0,TG,GT,TC,CA,T,G,T,C,A,0.439461883,183.5,1723.8,1,7,7,8,T,C,A,T,C,4.61,34.205,-0.559655172,-5.836071429,4.97,34.425,-0.955,-4.33,44089830,46405002,0,4750,0,52,1,0,3.03465,1,0,1,1,0.101228383,0.848518338,0,1,1,0.8539
CHO,CCR5-3,GGTCCTGCCGCTGCTTGTCATGG,GGTCCTGCCGCTGCTCATCATGG,+,46399651,46399673,3,18,0,0,0,GG,T,G,2,1,2,1,1,0,0,0,2,0,0,0,CA,AT,TC,CA,C,A,T,C,A,0.448430493,182.1,1748.5,2,8,6,7,T,C,A,T,C,4.66,34.09965517,-0.544482759,-5.566071429,4.97,34.425,-0.955,-4.33,44105181,46389651,0,-1,0,317,1,0,0,1,0,1,1,1.56E-05,0.625432056,-23.53850518,0.003456538,0.622222222,0.6588
CHO,CCR5-3,GGTCCTGCCGCTGCTTGTCATGG,GGTCCTGTCGCTGCTTGCCATGG,-,37997514,37997536,4,18,0,0,0,GG,T,G,2,2,1,1,0,0,1,0,1,0,0,1,TG,GC,CC,CA,T,G,C,C,A,0.493273543,183.5,1741.5,1,7,7,8,T,T,A,A,G,3.75,34.27275862,-0.928965517,-6.179642857,4.97,34.72,-0.905,-4.33,11662581,37987514,0,200,0,73,2,7.432875,4.651225,0,0,1,1,0.000135444,0.685890097,-17.89534157,0.016927273,0.375,0.7184
CHO,CCR5-3,GGTCCTGCCGCTGCTTGTCATGG,GGTCCTGCTGCTGCTTGTCTGGG,-,34194503,34194525,6,18,0,0,0,GG,G,G,2,1,2,1,0,1,0,0,0,0,1,1,TG,GT,TC,CT,T,G,T,C,T,0.578475336,178.6,1814.4,0,6,8,9,C,A,C,T,T,4.14,34.11948276,-0.950689655,-5.1075,4.96,33.785,-1.885,-2.77,24635641,34184503,0,650,1,0,1,0,0,0,0,0,0,0,0.643734981,-51.79542835,0.023380618,0.525,0.6309
CHO,CCR5-3,GGTCCTGCCGCTGCTTGTCATGG,GTTCCTGCTGCTGCTTCTCAAGG,-,135248226,135248248,4,17,0,0,0,GG,A,G,3,3,1,1,0,1,0,1,0,0,2,1,TC,CT,TC,CA,T,C,T,C,A,0.596412556,175.9,1839.1,2,7,8,6,C,C,T,C,C,4.5,34.33103448,-1.20137931,-5.286071429,4.51,34.14,-2.255,-1.5,82588109,55896028,0,300,0,193,5,3.066925,0,0,0,0,0,0.000197218,0.446145987,-43.28183526,0.007527573,0.131016043,0.4564
CHO,CCR5-3,GGTCCTGCCGCTGCTTGTCATGG,GGGCCTGCTGCTGCTGGTCAAGG,+,2187498,2187520,7,17,0,0,0,GG,A,G,3,3,1,0,1,1,0,1,0,2,0,1,GG,GT,TC,CA,G,G,T,C,A,0.488789238,188.6,1799.7,2,6,5,10,C,A,A,A,T,3.79,34.2412069,-1.04137931,-5.284642857,4.51,34.3,-2.34,-1.5,55866811,2177498,0,550,0,38,1,0,6.24585,0,0,1,1,2.09E-05,0.488005847,-41.30863782,0.002724491,0.151442308,0.5203
CHO,CCR5-3,GGTCCTGCCGCTGCTTGTCATGG,GGTGCTGCTGCTGCTAGTCAGGG,+,40749500,40749522,7,17,0,0,0,GG,G,G,3,3,1,0,1,1,0,1,0,2,0,1,AG,GT,TC,CA,A,G,T,C,A,0.417040359,177.8,1733.8,2,5,6,10,G,T,T,A,G,4.03,33.93448276,-0.671034483,-4.995357143,4.62,33.525,-2.405,-1.32,17304809,40739500,0,-1,0,155,5,0,0,0,0,1,1,0,0.471341793,-41.50863782,0.003078773,0.397727273,0.4864
CHO,CCR5-3,GGTCCTGCCGCTGCTTGTCATGG,GGTGCTGATGCTGCTTGTCAGGG,-,116481826,116481848,7,17,0,0,0,GG,G,G,3,2,1.5,0,0,1,1,1,0,2,0,1,TG,GT,TC,CA,T,G,T,C,A,0.479820628,174.2,1734.8,2,4,7,10,A,C,T,G,C,4.51,34.12258621,-0.504482759,-5.514285714,4.68,33.795,-1.27,-1.76,55427495,42646815,0,-1,0,87,5,0,0,0,0,0,0,1.28E-05,0.426639341,-33.29763728,0.014951634,0.284375,0.4176
CHO,CCR5-3,GGTCCTGCCGCTGCTTGTCATGG,GGCCCTGCCGCTGCATGACATGG,-,125109634,125109656,10,17,0,0,0,GG,T,G,3,3,1,1,1,0,0,1,1,2,0,0,TG,GA,AC,CA,T,G,A,C,A,0.551569507,191,1857.2,3,8,4,8,G,C,A,A,G,4.73,34.01224138,-0.418275862,-4.9975,5.19,33.45,-2.29,-2.37,82854699,10415091,0,-1,0,207,2,0,0,0,0,0,0,0,0.421428828,-25.32312202,0.001516464,0.165413534,0.4445
CHO,CCR5-3,GGTCCTGCCGCTGCTTGTCATGG,GATCCTGCCGTTGCCTGTCATGG,+,58088076,58088098,12,17,0,0,0,GG,T,G,3,3,1,0,1,1,0,1,2,0,0,1,TG,GT,TC,CA,T,G,T,C,A,0.605381166,178.8,1830.6,2,7,7,7,G,A,G,G,G,4.36,34.07431034,-0.929482759,-5.381785714,5.19,33.34,-2.03,-2.37,20231382,58078076,0.3237,0,1,0,1,8.17835,6.3252,1,0,1,1,0,0.565735386,-14.04925074,0.004703647,0.071005917,0.5468
CHO,CCR5-3,GGTCCTGCCGCTGCTTGTCATGG,GGTCCTGCTGCAGCTTCTCATGG,-,62359866,62359888,13,17,0,0,0,GG,T,G,3,3,1,1,0,2,0,0,0,1,1,1,TC,CT,TC,CA,T,C,T,C,A,0.443946188,175.3,1747.8,2,7,7,7,C,C,C,T,C,4.14,34.12637931,-1.280172414,-4.596785714,5.23,33.31,-1.97,-3.12,43359866,52799990,0,-1,0,-1,5,0,0,0,0,0,0,0,0.482124612,-20.984949,0.003047238,0.164705883,0.481
CHO,CCR5-3,GGTCCTGCCGCTGCTTGTCATGG,CGTCCTGCCACTGCATGTCATGG,-,41044534,41044556,14,17,0,0,0,GG,T,C,3,3,1,0,1,1,0,1,1,1,1,0,TG,GT,TC,CA,T,G,T,C,A,0.349775785,171.2,1707.3,3,8,6,6,A,C,T,A,C,4.36,34.13482759,-0.202068966,-6.206428571,5.34,33.74,-0.315,-3.37,22044534,41034534,0,-1,0,-1,4,0,0,0,0,0,0,0,0.512380905,-13.19372569,0.008038512,0.385964912,0.5071
CHO,CCR5-3,GGTCCTGCCGCTGCTTGTCATGG,GGTCCTCCCGCTGCTTCTCCGGG,-,83334933,83334955,15,17,0,0,0,GG,G,G,3,2,1.5,2,0,0,1,0,0,0,3,0,TC,CT,TC,CC,T,C,T,C,C,0.578475336,198,1868.1,0,10,6,7,C,C,C,C,A,4.29,34.03534483,-1.562586207,-3.785714286,4.95,33.675,-2.035,-2.73,63334933,19186437,0,2550,0,485,3,3.056125,4.057175,0,0,1,1,4.04E-05,0.420743278,-63.72222899,0.003354899,0.036764706,0.4485
CHO,CCR5-3,GGTCCTGCCGCTGCTTGTCATGG,GGTCCTGGCGCTGCTTCTCCAGG,-,86284396,86284418,15,17,0,0,0,GG,A,G,3,2,1.5,2,0,0,1,0,0,1,2,0,TC,CT,TC,CC,T,C,T,C,C,0.650224215,189,1874.4,1,8,6,8,C,T,G,C,G,4.18,34.05258621,-0.967413793,-4.269642857,4.94,33.995,-2.16,-1.28,66284396,16236974,0,-1,0,26,2,0,4.413725,0,1,1,1,0,0.414358334,-64.13694899,0.004773638,0.034377387,0.4398
CHO,C4BPB,AATGACCACTACATCCTCAAGGG,AATGACCACTACATCCTCAAGGG,+,207265078,207265100,1,20,0,0,0,GG,G,A,0,0,0,0,0,0,0,0,0,0,0,0,CT,TC,CA,AA,C,T,C,A,A,0.484304933,168.3,1719.3,8,7,4,4,C,A,G,C,A,4.42,34.23827586,-0.558448276,-6.021785714,4.73,33.68,-1.97,-1.88,82729644,41975521,0,-1,0,200,2,3.876,0,1,0,1,1,0.87006983,0.878318423,0,1,1,0.9067
CHO,C4BPB,AATGACCACTACATCCTCAAGGG,AAGAAGCACTACATCCTCAATGG,+,128616524,128616546,3,17,0,0,0,GG,T,A,3,2,1.5,0,0,0,1,2,1,2,0,0,CT,TC,CA,AA,C,T,C,A,A,0.511210762,167.8,1717.8,9,6,4,4,C,T,C,C,A,4.5,34.25137931,-0.78137931,-6.291785714,5.23,33.37,-2.31,-3.12,35111670,69395884,0,-1,0,47,1,7.06925,0,1,0,1,1,0,0.472866436,-30.55133328,0.012341698,0.225,0.4397
CHO,C4BPB,AATGACCACTACATCCTCAAGGG,AATGACCACTACATTCTCTTGGG,+,1945907,1945929,9,17,0,0,0,GG,G,A,3,1,3,2,1,0,0,0,0,0,2,1,CT,TC,CT,TT,C,T,C,T,T,0.426008969,166.4,1695.7,6,6,7,4,A,G,C,A,G,4.27,34.14982759,-0.775344828,-6.823928571,4.93,33.59,-0.965,-2.42,45421750,1935907,0,-1,0,61,2,0,0,0,0,0,0,0.000147344,0.463190487,-49.59063741,0.000903688,0.021538462,0.4857
CHO,C4BPB,AATGACCACTACATCCTCAAGGG,AATGACCACAGCATCCTCAGTGG,+,202445406,202445428,1,17,0,0,0,GG,T,A,3,1,3,1,0,2,0,0,0,1,0,2,CT,TC,CA,AG,C,T,C,A,G,0.233183857,164.9,1676,7,7,4,5,T,C,A,G,T,4.46,34.17258621,-0.277758621,-6.613214286,5.38,34.335,-0.59,-5,77909972,46795193,0,-1,0,146,1,5.642975,0,0,0,1,1,0.001331043,0.482653985,-56.69244211,0.005999824,0.42605042,0.506
CHO,C4BPB,AATGACCACTACATCCTCAAGGG,AATGACCACTACACCCAGAAAGG,-,140949282,140949304,9,17,0,0,0,GG,A,A,3,2,1.5,2,1,0,0,0,1,2,0,0,CA,AG,GA,AA,C,A,G,A,A,0.479820628,169.7,1772.5,10,7,2,4,C,G,A,G,A,4.05,34.36034483,-0.885172414,-6.442857143,4.51,34.455,-2.36,-1.5,90581603,254127,0,100,1,0,3,0,4.287425,0,0,1,1,0,0.446019436,-62.29962321,0.000272832,0.02031746,0.4496
CHO,C4BPB,AATGACCACTACATCCTCAAGGG,ATTAACCACTACATTCTCAAAGG,+,12664645,12664667,12,17,0,0,0,GG,A,A,3,3,1,0,1,0,0,2,1,0,1,1,CT,TC,CA,AA,C,T,C,A,A,0.439461883,168.2,1749.5,9,6,6,2,C,A,G,G,G,2.85,34.5012069,-1.415,-7.690714286,4.51,34.3,-2.34,-1.5,22192027,12654645,0,-1,0,73,2,0,6.361275,0,0,1,1,0,0.509649462,-37.57276706,0.00847504,0.043636364,0.5156
CHO,CCR5-8,CCAGTGAGTAGAGCGGAGGCAGG,CCAGTGAGTAGAGCGGAGGCAGG,-,46414489,46414511,3,20,0,0,0,GG,A,C,0,0,0,0,0,0,0,0,0,0,0,0,GA,AG,GG,GC,G,A,G,G,C,0.461883408,178.1,1737,6,4,2,11,A,G,G,C,G,4.63,33.85206897,-0.796896552,-4.627142857,4.92,34.175,-1.185,-0.9,44090343,46404489,0,4250,1,0,1,3.03465,0,0,1,1,1,0.229920621,0.901370267,0,1,1,0.8903
CHO,CCR5-8,CCAGTGAGTAGAGCGGAGGCAGG,CCAGCGAGTAGAGCGGAGGCAGG,-,46399150,46399172,3,19,0,0,0,GG,A,C,1,1,1,0,0,0,1,0,1,0,0,0,GA,AG,GG,GC,G,A,G,G,C,0.466367713,188.8,1768.8,6,5,1,11,A,G,T,T,G,3.95,33.92275862,-0.707413793,-5.093214286,4.92,34.175,-1.185,-0.9,44105682,46389150,0,-1,0,272,1,0,0,0,1,1,1,0.031690705,0.746887644,-1.44,1,1,0.7628
CHO,CCR5-8,CCAGTGAGTAGAGCGGAGGCAGG,CCAGTGAGGAGAGCGGAGACTGG,+,92900439,92900461,14,18,0,0,0,GG,T,C,2,2,1,1,0,1,0,0,1,1,0,0,GA,AG,GA,AC,G,A,G,A,C,0.529147982,172.2,1736,6,4,2,11,G,C,A,T,G,4.57,33.99965517,-0.876034483,-4.720714286,5.39,33.495,-2.02,-2.47,73900439,14439079,0,-1,0,15,2,3.3585,0,0,0,1,1,9.67E-05,0.688400857,-48.09774317,0.016377136,0.442176871,0.7118
CHO,CCR5-8,CCAGTGAGTAGAGCGGAGGCAGG,CCAGTGAGCAGAGAGGAAGCTGG,-,74899302,74899324,2,17,0,0,0,GG,T,C,3,3,1,1,1,1,0,0,2,1,0,0,GA,AA,AG,GC,G,A,A,G,C,0.547085202,171,1774.7,7,4,2,10,A,G,G,T,G,4.14,33.99051724,-1.169482759,-4.7,5.31,33.795,-0.81,-2.98,17426847,74889302,0,1650,1,0,2,0,0,0,0,1,1,8.41E-05,0.590596091,-52.44642256,0.000482013,0.223668639,0.5879
CHO,CCR5-8,CCAGTGAGTAGAGCGGAGGCAGG,CCACTGAGTAGAGGGGTGGCGGG,-,38723711,38723733,3,17,0,0,0,GG,G,C,3,3,1,1,1,0,0,1,0,1,2,0,GT,TG,GG,GC,G,T,G,G,C,0.560538117,185.3,1778.9,4,4,3,12,T,G,G,G,T,4.58,33.7687931,-0.999137931,-4.4725,4.7,34.485,-1.01,-3.53,51781121,38713711,0,-1,0,7,3,0,0,0,0,0,0,0.000123954,0.471764875,-48.09260163,0.001755129,0,0.4944
CHO,CCR5-8,CCAGTGAGTAGAGCGGAGGCAGG,CCGGTGGGGAGAGCGGAGGCGGG,-,131892773,131892795,5,17,0,0,0,GG,G,C,3,3,1,0,0,1,1,1,0,1,0,2,GA,AG,GG,GC,G,A,G,G,C,0.704035874,209.4,1989.6,3,4,1,15,G,A,C,C,A,4.76,33.93758621,-0.93637931,-3.929285714,4.94,33.585,-2.045,-1.95,82487132,49012465,0.2083,0,1,0,2,0,9.040725,0,1,1,0,0,0.521170349,-32.68291728,0.008993912,0.267040149,0.5479
CHO,CCR5-8,CCAGTGAGTAGAGCGGAGGCAGG,GCAGAGAGTAGAGCGGTGGCTGG,+,30904277,30904299,10,17,0,0,0,GG,T,G,3,3,1,1,0,0,1,1,0,2,1,0,GT,TG,GG,GC,G,T,G,G,C,0.434977578,178.2,1737.5,5,3,3,12,T,T,A,G,G,4.03,34.0162069,-1.007931034,-5.315,5.19,34.64,-0.615,-4.44,8350636,30894277,0,2950,0,871,2,0,0,0,0,1,1,0,0.414973227,-41.59696237,0.012901235,0.060869565,0.414
CHO,CCR5-8,CCAGTGAGTAGAGCGGAGGCAGG,ACAGTGAGTAGAGTGGAGTCCGG,-,16763422,16763444,12,17,0,0,0,GG,C,A,3,3,1,1,1,0,0,1,0,1,1,1,GA,AG,GT,TC,G,A,G,T,C,0.430493274,162.2,1725.4,6,3,4,10,T,A,A,G,G,4.42,33.87896552,-0.810862069,-6.112857143,5.16,34.195,-0.635,-5.03,18093250,16753422,0,-1,1,0,4,0,0,0,0,0,0,0,0.490061084,-53.23628732,0.001679407,0.488888889,0.4897
CHO,CCR5-8,CCAGTGAGTAGAGCGGAGGCAGG,CCAGTGAGTGGAGAGGAGACAGG,-,52993823,52993845,12,17,0,0,0,GG,A,C,3,3,1,1,1,1,0,0,1,1,0,1,GA,AG,GA,AC,G,A,G,A,C,0.506726457,161.5,1728.2,7,3,2,11,G,A,A,T,G,4.39,33.92017241,-1.227586207,-5.201785714,4.85,33.965,-2.695,-0.14,15137129,52983823,0,4900,1,0,3,3.15785,0,0,0,1,1,0,0.50104915,-29.5016904,0.00118516,0.138888889,0.4944
CHO,CCR5-8,CCAGTGAGTAGAGCGGAGGCAGG,CCAGTGAGGAGAGAGGAGCCAGG,-,111877653,111877675,12,17,0,0,0,GG,A,C,3,3,1,1,1,1,0,0,0,2,1,0,GA,AG,GC,CC,G,A,G,C,C,0.565022422,172.6,1787.5,7,4,1,11,C,T,G,G,A,4.33,33.80465517,-1.362931034,-3.893928571,4.94,33.995,-2.16,-1.28,74020959,21964220,0,1750,1,0,1,0,0,0,0,1,1,0,0.477599674,-28.9044936,0.000795322,0.097126437,0.4838
CHO,CCR5-8,CCAGTGAGTAGAGCGGAGGCAGG,CCACTGAGCAGAGAGGAGGCTGG,+,74232019,74232041,13,17,0,0,0,GG,T,C,3,3,1,0,1,1,0,1,1,1,1,0,GA,AG,GG,GC,G,A,G,G,C,0.461883408,172.9,1711.1,6,5,2,10,T,G,C,A,A,4.33,33.98172414,-0.911551724,-4.741071429,5.19,34.6,-0.66,-4.44,55232019,40927837,0,-1,0,250,5,0,0,0,0,0,0,0,0.532575366,-38.23940099,0.002524833,0.171040724,0.5697
CHO,CCR5-8,CCAGTGAGTAGAGCGGAGGCAGG,CCAGTGAGTAGGGCTGGGGCAGG,+,38027104,38027126,22,17,0,0,0,GG,A,C,3,3,1,1,1,1,0,0,0,0,1,2,GG,GG,GG,GC,G,G,G,G,C,0.65470852,186,1851,4,4,3,12,T,G,C,A,G,4.03,33.87017241,-0.965172414,-4.413928571,4.54,35.165,-1.64,-1.68,22027104,13267440,0.0936,0,1,0,1,6.7336,0,1,0,1,1,0,0.551572612,-26.91506545,0.00130316,0.018207283,0.5583
CHO,CCR5-1,GAATCCTAAAAACTCTGCTTCGG,GAATCCTAAAAACTCTGCTTCGG,+,46415040,46415062,3,20,0,0,0,GG,C,G,0,0,0,0,0,0,0,0,0,0,0,0,TG,GC,CT,TT,T,G,C,T,T,0.457399103,180.1,1729.2,7,6,6,4,T,G,T,C,G,3.38,34.60431034,-1.279827586,-7.490714286,5.02,34.27,-0.61,-4.29,44089792,46405040,0,4800,0,14,1,0,3.03465,1,0,1,1,0.375322945,0.845948976,0,1,1,0.863
CHO,CCR5-1,GAATCCTAAAAACTCTGCTTCGG,GAATCCTGAAAACCCTGCTTCGG,+,46399689,46399711,3,18,0,0,0,GG,C,G,2,2,1,0,1,0,1,0,1,0,0,1,TG,GC,CT,TT,T,G,C,T,T,0.461883408,185,1752.4,6,7,5,5,T,G,T,C,G,4.03,34.52172414,-1.307586207,-6.818214286,5.02,34.27,-0.61,-4.29,44105143,46389689,0,-1,0,279,1,0,0,1,0,1,1,0.000217035,0.63813179,-9.918403707,0.00996831,0.20952381,0.6908
CHO,CCR5-1,GAATCCTAAAAACTCTGCTTCGG,GAATCCTAAATACTCTCCTTCGG,-,68283619,68283641,3,18,0,0,0,GG,C,G,2,2,1,1,0,1,0,0,0,0,2,0,TC,CC,CT,TT,T,C,C,T,T,0.417040359,176.2,1739.4,6,7,7,3,G,T,T,A,G,3.79,34.23258621,-1.18637931,-7.244285714,5.22,33.545,-1.755,-2.92,22221213,68273619,0,-1,0,122,5,0,0,0,0,1,1,6.06E-05,0.614126667,-17.13900161,0.014295158,0.07239819,0.6766
CHO,CCR5-1,GAATCCTAAAAACTCTGCTTCGG,GAATCCTAAAATTTCTGCTTTGG,-,174165064,174165086,4,18,0,0,0,GG,T,G,2,1,2,0,1,1,0,0,0,0,1,1,TG,GC,CT,TT,T,G,C,T,T,0.412556054,180.9,1755,6,4,9,4,T,G,G,T,A,2.85,34.86758621,-1.497068966,-8.371428571,5.08,34.755,-0.81,-4.69,121504947,16979190,0,-1,0,11,2,0,7.31635,0,0,1,1,6.27E-05,0.585752323,-37.97485006,0.00993867,0.233333333,0.6061
CHO,CCR5-1,GAATCCTAAAAACTCTGCTTCGG,GATTCCTAAAACTTCTGCTTGGG,-,175514052,175514074,1,17,0,0,0,GG,G,G,3,2,1.5,0,1,1,0,1,0,0,2,1,TG,GC,CT,TT,T,G,C,T,T,0.452914798,179.4,1751.8,5,5,8,5,T,A,T,A,G,3.34,34.46637931,-1.406724138,-7.342142857,4.66,34.48,-1.605,-3.38,50978618,73726547,0,-1,1,0,3,3.912075,0,0,0,1,0,0,0.486720148,-38.97485006,0.004609187,0.13003096,0.4827
CHO,CCR5-1,GAATCCTAAAAACTCTGCTTCGG,GAAACCTAAAAACACTACTTGGG,-,188362837,188362859,1,17,0,0,0,GG,G,G,3,3,1,1,1,0,0,1,1,2,0,0,TA,AC,CT,TT,T,A,C,T,T,0.31838565,175.3,1678.8,10,5,4,4,C,A,A,G,G,3.38,34.79137931,-1.55,-7.972142857,4.96,33.785,-1.885,-2.77,63827403,60877762,0,-1,0,416,5,0,0,0,0,0,0,0,0.409855041,-48.09260163,0.001755129,0.275132275,0.423
CHO,CCR5-1,GAATCCTAAAAACTCTGCTTCGG,GAATCCTCAATATTCTGCTTAGG,+,156643271,156643293,3,17,0,0,0,GG,A,G,3,3,1,0,1,1,1,0,0,0,2,1,TG,GC,CT,TT,T,G,C,T,T,0.3632287,172.5,1719.2,6,5,8,4,C,T,C,C,T,4.19,34.20448276,-1.49362069,-6.097857143,4.97,34.02,-2.335,-1.23,63138417,41369137,0,-1,0,-1,2,0.8493,0,0,0,1,1,6.01E-05,0.39155564,-39.60320666,0.005334529,0.092307692,0.4027
CHO,CCR5-1,GAATCCTAAAAACTCTGCTTCGG,GATTTATAAAAACTCTGCTTAGG,+,196898095,196898117,3,17,0,0,0,GG,A,G,3,2,1.5,0,0,0,2,1,0,1,1,1,TG,GC,CT,TT,T,G,C,T,T,0.32735426,175.7,1745.4,8,3,8,4,A,A,T,C,A,3.38,34.65793103,-1.055344828,-8.455714286,4.98,34.515,-1.205,-1.39,103393241,1114313,0,-1,0,27,1,0,7.351925,0,0,1,1,0,0.477344867,-30.79133328,0.012341698,0.417112299,0.4393
CHO,CCR5-1,GAATCCTAAAAACTCTGCTTCGG,GCATCTTAAACACTCTGCTTGGG,+,24766904,24766926,4,17,0,0,0,GG,G,G,3,3,1,0,0,1,1,1,0,0,2,1,TG,GC,CT,TT,T,G,C,T,T,0.313901345,173.8,1748.7,5,6,7,5,A,A,T,T,T,2.85,34.66258621,-1.304827586,-7.380714286,4.93,33.675,-1.27,-2.42,24893191,24756904,0,-1,0,95,4,0,0,0,0,0,0,2.42E-05,0.45141942,-33.48448357,0.009205952,0.291836735,0.4766
CHO,CCR5-1,GAATCCTAAAAACTCTGCTTCGG,TAATCCTAAAAGCTCTGTTTTGG,+,48583045,48583067,11,17,0,0,0,GG,T,T,3,3,1,1,0,1,0,1,0,0,1,2,TG,GT,TT,TT,T,G,T,T,T,0.30044843,177.9,1728.8,6,4,9,4,T,T,C,T,T,3.68,34.80775862,-1.639827586,-8.522857143,5.08,34.795,-0.765,-4.69,3061138,48573045,0,-1,0,181,4,0,0,0,0,0,0,9.82E-05,0.427921592,-47.88457965,0.003337355,0.464285714,0.4419
CHO,CCR5-1,GAATCCTAAAAACTCTGCTTCGG,AAATCCTAAAGACTTTGCTTGGG,-,126100129,126100151,11,17,0,0,0,GG,G,A,3,3,1,0,1,1,0,1,1,0,0,2,TG,GC,CT,TT,T,G,C,T,T,0.408071749,182.9,1722.8,7,4,7,5,T,A,G,T,T,3.35,34.75448276,-1.570172414,-8.1925,4.66,34.48,-1.605,-3.38,71455924,8896365,0,-1,0,14,2,0,7.3989,0,0,1,0,0,0.489747008,-40.53369513,0.004844055,0.039,0.5057
CHO,CCR5-1,GAATCCTAAAAACTCTGCTTCGG,GAACCCTCAAAACTCTGTTTGGG,-,31876173,31876195,20,17,0,0,0,GG,G,G,3,3,1,1,0,0,1,1,1,0,1,1,TG,GT,TT,TT,T,G,T,T,T,0.524663677,175.7,1771.9,6,6,6,5,G,C,T,G,T,3.85,34.57896552,-1.474482759,-7.008571429,4.89,33.525,-2.06,-2.02,2506604,31139325,0,3300,0,190,3,0,3.06715,0,0,1,1,0,0.454393275,-45.71867486,0.006175788,0.178271309,0.4758
CHO,CCR5-1,GAATCCTAAAAACTCTGCTTCGG,GAATTCTAAAAAGGCTGCTTTGG,-,142061947,142061969,5,17,0,0,0,GG,T,G,3,2,1.5,0,2,0,1,0,0,2,0,1,TG,GC,CT,TT,T,G,C,T,T,0.466367713,185.6,1782.5,7,3,7,6,C,C,A,G,G,3.38,34.77017241,-1.759482759,-7.175357143,5.56,33.115,-1.495,-3.85,92656306,38843291,0,-1,0,101,2,2.78145,0,0,0,1,0,0,0.347864915,-41.68515341,0.001580948,0,0.3633
CHO,CCR5-1,GAATCCTAAAAACTCTGCTTCGG,GAATCCCCAAAACTCTTCTTTGG,-,51880792,51880814,6,17,0,0,0,GG,T,G,3,2,1.5,1,0,0,2,0,1,0,2,0,TT,TC,CT,TT,T,T,C,T,T,0.439461883,180.2,1694.3,6,7,7,3,G,G,T,T,C,3.85,34.66913793,-1.736724138,-7.560714286,5.44,33.01,-1.19,-3.45,6949352,51870792,0,-1,0,21,5,2.69835,0,0,0,1,1,0.000149974,0.412928382,-44.02443793,0.007401696,0.073660714,0.4279
IDLV,CR-4,TGGATGGAGGAATGAGGAGTTGG,TGGATGGAGGAATGAGGAGTTGG,+,48544569,48544591,X,20,0,0,0,GG,T,T,0,0,0,0,0,0,0,0,0,0,0,0,GG,GA,AG,GT,G,G,A,G,T,0.547085202,171.5,1739.7,6,0,5,12,A,T,G,G,G,3.95,34.07413793,-1.231724138,-5.822142857,5.42,33.675,-0.785,-2.74,10087421,48534569,0,3300,1,0,0,0,0,0,0,1,1,0.116597566,0.904207343,0,1,1,0.9449
IDLV,CR-4,TGGATGGAGGAATGAGGAGTTGG,TGGATGGAGGGATGAGGAGTGGG,+,30597854,30597876,1,19,0,0,0,GG,G,T,1,1,1,0,0,1,0,0,0,0,0,1,GG,GA,AG,GT,G,G,A,G,T,0.551569507,175.3,1759.8,5,0,4,14,G,C,T,G,G,4.61,33.87293103,-1.164482759,-4.354285714,4.89,33.525,-2.06,-2.02,90937558,30587854,0.0286,0,0,7,3,0,0,0,0,0,0,0.073106674,0.71207615,-30.92315024,0.555,0.65,0.7425
IDLV,CR-4,TGGATGGAGGAATGAGGAGTTGG,GGGATGGAGGGATGAGGAGTGGG,-,242451392,242451414,2,18,0,0,0,GG,G,G,2,2,1,0,0,1,0,1,0,1,0,1,GG,GA,AG,GT,G,G,A,G,T,0.529147982,180.5,1757.4,5,0,3,15,A,A,G,C,T,4.14,33.84275862,-1.63,-4.442142857,4.93,33.675,-1.27,-2.42,147125221,737959,0,2650,1,0,1,0,0,0,0,0,0,0.075322027,0.716917748,-31.61759469,0.047931818,0.62173913,0.7354
IDLV,CR-4,TGGATGGAGGAATGAGGAGTTGG,GGGAGGGAGGAATGAGGAGTGGG,+,2989118,2989140,20,18,0,0,0,GG,G,G,2,2,1,0,0,0,1,1,0,2,0,0,GG,GA,AG,GT,G,G,A,G,T,0.399103139,183,1670.5,6,0,2,15,T,A,C,A,G,4.39,33.88344828,-1.418103448,-4.872142857,4.66,34.48,-1.605,-3.38,23380429,2979118,0,-1,0,267,1,7.85595,0,0,0,1,1,0.083250662,0.605188438,-28.75777773,0.060126582,0.612173913,0.6483
IDLV,CR-4,TGGATGGAGGAATGAGGAGTTGG,GGGATGGAGGAATGACGAGTGGG,-,193793860,193793882,3,18,0,0,0,GG,G,G,2,2,1,0,1,0,0,1,0,1,1,0,CG,GA,AG,GT,C,G,A,G,T,0.542600897,178.2,1779.1,6,1,3,13,C,T,G,T,G,4.39,34.05448276,-1.026724138,-5.353571429,4.96,33.63,-1.985,-2.77,100289006,4218548,0,4600,1,0,2,0,0,0,0,0,0,0,0.678426183,-38.01709826,0.023342857,0,0.7048
IDLV,CR-4,TGGATGGAGGAATGAGGAGTTGG,TGGATGGAAGAATGAGGGGTGGG,+,1500296,1500318,4,18,0,0,0,GG,G,T,2,2,1,1,0,1,0,0,1,0,0,1,GG,GG,GG,GT,G,G,G,G,T,0.488789238,180.1,1710.3,6,0,4,13,C,A,G,G,T,4.39,34.15534483,-1.252758621,-5.449285714,4.96,33.785,-1.885,-2.77,48159799,1490296,0,3500,0,81,3,0,0,0,0,0,0,0.006995854,0.673088256,-45.01633886,0.009499356,0.257142857,0.7187
IDLV,CR-4,TGGATGGAGGAATGAGGAGTTGG,TGGATGGATGAATGAGCAGTGGG,+,101313660,101313682,14,18,0,0,0,GG,G,T,2,2,1,1,0,1,0,0,0,0,2,0,GC,CA,AG,GT,G,C,A,G,T,0.412556054,169.3,1720.4,6,1,5,11,A,G,T,G,C,4.39,34.15086207,-0.440517241,-5.990357143,4.93,33.59,-0.965,-2.42,82313660,6025858,0,3750,0,315,3,5.15105,0,1,0,1,0,0,0.604976069,-42.44850193,0.017474722,0.125490196,0.6602
IDLV,CR-4,TGGATGGAGGAATGAGGAGTTGG,TGGATGAAGGAATGATGAGTGGG,+,116536847,116536869,7,18,0,0,0,GG,G,T,2,2,1,0,1,0,1,0,1,0,1,0,TG,GA,AG,GT,T,G,A,G,T,0.390134529,167.1,1691.3,7,0,5,11,T,G,C,A,T,4.31,34.23431034,-0.903103448,-6.359642857,4.66,34.52,-1.25,-3.38,55482516,42591794,0,-1,0,2,2,7.20445,0,0,0,1,1,0,0.640576695,-39.39625382,0.009457814,0,0.6485
IDLV,CR-4,TGGATGGAGGAATGAGGAGTTGG,AGGAGGGAGGAATGGGGAGTTGG,+,21810215,21810237,18,17,0,0,0,GG,T,A,3,3,1,0,1,0,1,1,0,2,0,1,GG,GA,AG,GT,G,G,A,G,T,0.502242152,186.5,1758.5,6,0,3,14,T,A,G,T,T,3.95,34.04293103,-1.734137931,-5.500714286,5.08,34.5,-0.81,-4.69,3349317,21800215,0,2050,1,0,3,0,7.552,0,0,1,1,0.038826989,0.496194895,-11.05054489,0.008728027,0.416,0.4885
IDLV,CR-4,TGGATGGAGGAATGAGGAGTTGG,CGGACGGAGGAATGGGGAGTGGG,+,6611501,6611523,19,17,0,0,0,GG,G,C,3,3,1,0,1,0,1,1,2,0,0,1,GG,GA,AG,GT,G,G,A,G,T,0.484304933,192.1,1749.9,5,2,2,14,G,G,C,T,G,4.39,33.90637931,-1.232758621,-4.691071429,4.89,33.37,-2.17,-2.02,18070259,6601501,0,-1,1,0,1,0,0,0,0,0,0,0.014458098,0.60733261,-37.67387817,0.008728027,0.557142857,0.6221
IDLV,CR-4,TGGATGGAGGAATGAGGAGTTGG,ACGATGGAGGAATGAGGACTTGG,+,54279147,54279169,12,17,0,0,0,GG,T,A,3,2,1.5,1,0,0,0,2,0,1,2,0,GG,GA,AC,CT,G,G,A,C,T,0.412556054,173.1,1762.4,7,2,4,10,T,A,G,T,G,3.74,34.07568966,-0.784137931,-6.491428571,5.08,34.5,-0.81,-4.69,16422453,54269147,0,-1,0,106,1,0,0,0,0,0,0,0.006762659,0.508784121,-20.01620367,0.011271186,0.310344827,0.5142
IDLV,CR-4,TGGATGGAGGAATGAGGAGTTGG,GCGATGGAGGAATGAAGAGTTGG,+,57493261,57493283,10,17,0,0,0,GG,T,G,3,2,1.5,0,1,0,0,2,1,1,1,0,AG,GA,AG,GT,A,G,A,G,T,0.385650224,175.8,1692.9,7,1,4,11,G,A,A,A,A,3.63,34.52396552,-1.481551724,-6.966785714,5.44,32.995,-1.095,-3.45,15238326,57483261,0,-1,1,0,5,0,0,0,0,0,0,0.004663903,0.474813311,-12.22709832,0.005586325,0.662207357,0.4736
IDLV,CR-4,TGGATGGAGGAATGAGGAGTTGG,TCCATGGAGGAATGAGGAGAGGG,-,48081086,48081108,8,17,0,0,0,GG,G,T,3,1,3,1,0,0,0,2,0,1,2,0,GG,GA,AG,GA,G,G,A,G,A,0.538116592,174.5,1787,7,2,3,11,C,T,G,G,C,4.39,34.11431034,-1.494310345,-4.701071429,4.73,33.525,-2.07,-1.88,1242199,48071086,0,1800,0,161,4,0,0,0,0,0,0,0.003148134,0.554807934,-50.64277768,0.012831977,0.149778107,0.5552
IDLV,CR-4,TGGATGGAGGAATGAGGAGTTGG,TAGATGAAGGAATGAGGAGAAGG,+,128663288,128663310,11,17,0,0,0,GG,A,T,3,2,1.5,1,0,0,1,1,2,1,0,0,GG,GA,AG,GA,G,G,A,G,A,0.511210762,167.7,1786.1,10,0,3,10,T,T,G,G,A,3.64,34.27017241,-1.513275862,-6.156785714,3.75,35.645,-2.75,-1.48,74019083,6333206,0,-1,0,11,2,7.7613,0,0,0,1,1,0.00046639,0.506775522,-51.71637768,0.010190977,0.475961538,0.5181
IDLV,CR-4,TGGATGGAGGAATGAGGAGTTGG,TGGATGAAGAAATGAAGAGTTGG,+,15091127,15091149,1,17,0,0,0,GG,T,T,3,3,1,0,1,1,1,0,3,0,0,0,AG,GA,AG,GT,A,G,A,G,T,0.466367713,165.8,1701.6,9,0,5,9,A,G,G,G,A,3.84,34.45913793,-1.538965517,-7.085357143,5.42,33.755,-0.945,-2.74,106444285,15081127,0,-1,0,22,3,0,0,0,0,1,1,0,0.552192378,-16.35610134,0.002966396,0.933333333,0.5524
IDLV,CR-4,TGGATGGAGGAATGAGGAGTTGG,TTTATGGAGGAATGAGGAGATGG,+,22709609,22709631,22,17,0,0,0,GG,T,T,3,1,3,1,0,0,0,2,0,1,2,0,GG,GA,AG,GA,G,G,A,G,A,0.511210762,171.9,1733,7,0,6,10,G,T,G,T,G,4.06,34.28965517,-0.891206897,-6.694642857,5.19,33.49,-2.255,-2.37,6709609,22699609,0,1600,1,0,1,0,0,0,0,0,0,0,0.523604216,-24.0194444,0.012831977,0.178977273,0.5436
IDLV,CR-4,TGGATGGAGGAATGAGGAGTTGG,AGGATGCAGGACTGAGGAGTGGG,+,25050236,25050258,20,17,0,0,0,GG,G,A,3,3,1,0,0,1,1,1,0,1,2,0,GG,GA,AG,GT,G,G,A,G,T,0.573991031,172.3,1770,6,2,3,12,A,G,A,G,G,4.51,33.76241379,-1.279482759,-4.574285714,4.93,33.59,-0.965,-2.42,1319311,25040236,0,3500,1,0,3,0,0,0,0,0,0,0,0.551915563,-34.55115808,0.009717936,0.180921053,0.5332
IDLV,CR-4,TGGATGGAGGAATGAGGAGTTGG,TAGATGGAAGAAAGAGGAGTTGG,+,29595076,29595098,1,17,0,0,0,GG,T,T,3,3,1,0,1,1,0,1,2,1,0,0,GG,GA,AG,GT,G,G,A,G,T,0.399103139,169.1,1728.7,9,0,4,10,A,A,A,G,C,3.95,34.5887931,-1.600862069,-6.92,5.42,33.73,-0.95,-2.74,91940336,29585076,0,900,1,0,1,7.33685,0,0,0,1,1,0,0.549688771,-10.01105376,0.006737452,0.376584953,0.5802
IDLV,CR-4,TGGATGGAGGAATGAGGAGTTGG,CGTATGGAGGAATGATGAGTAGG,-,38143684,38143706,5,17,0,0,0,GG,A,C,3,3,1,0,1,0,0,2,1,0,2,0,TG,GA,AG,GT,T,G,A,G,T,0.461883408,168,1690.1,7,1,5,10,G,A,A,A,G,4.05,34.20362069,-0.895,-6.3625,4.99,33.99,-2.39,-0.56,8261935,38133684,0,-1,0,137,4,0,4.2761,0,0,0,0,0,0.453956321,-39.01709826,0.004804239,0,0.449
IDLV,CR-4,TGGATGGAGGAATGAGGAGTTGG,GGGTTGGTGGAATGAGGAGTAGG,+,55440390,55440412,12,17,0,0,0,GG,A,G,3,3,1,0,0,0,1,2,0,1,2,0,GG,GA,AG,GT,G,G,A,G,T,0.434977578,175.9,1733.9,5,0,5,13,G,T,C,A,G,4.03,33.95275862,-1.242241379,-5.472142857,4.99,34.145,-2.72,-0.56,17583696,55430390,0,-1,1,0,3,0,0,0,0,0,0,0,0.466564643,-31.00609773,0.0260631,0.260869565,0.446
IDLV,CR-4,TGGATGGAGGAATGAGGAGTTGG,GAGATGGTGGAATGAGGAGTAGG,-,67261130,67261152,8,17,0,0,0,GG,A,G,3,2,1.5,0,0,0,1,2,1,1,1,0,GG,GA,AG,GT,G,G,A,G,T,0.417040359,165.9,1744.3,7,0,4,12,G,A,A,A,G,4.05,34.10155172,-1.395,-6.050357143,4.99,33.99,-2.39,-0.56,20422243,67251130,0,-1,0,342,2,0,0,0,0,0,0,0,0.520642444,-30.63943106,0.0260631,0.346870521,0.4995
IDLV,CR-4,TGGATGGAGGAATGAGGAGTTGG,TGAATGAATGAATGAGGAGTAGG,+,86518341,86518363,2,17,0,0,0,GG,A,T,3,3,1,0,0,1,1,1,2,0,1,0,GG,GA,AG,GT,G,G,A,G,T,0.466367713,162.2,1674.2,9,0,5,9,A,G,A,G,T,4.39,34.12551724,-1.183448276,-6.539285714,4.98,34.385,-1.145,-1.39,5807808,86508341,0,-1,1,0,2,0,6.56735,0,0,1,1,0,0.569001274,-32.68291728,0.008993912,0.4,0.5649
IDLV,CR-4,TGGATGGAGGAATGAGGAGTTGG,TGGTTGGAAGAATGAGGATTAGG,-,130512304,130512326,9,17,0,0,0,GG,A,T,3,3,1,1,0,1,0,1,1,0,2,0,GG,GA,AT,TT,G,G,A,T,T,0.538116592,173.3,1770,7,0,6,10,A,A,T,T,C,3.75,34.43913793,-1.381724138,-7.246428571,4.98,34.515,-1.205,-1.39,80144625,10691105,0,1450,0,67,1,5.4497,0,0,0,1,1,0,0.515265742,-49.29774317,0.006158923,0.272727273,0.5333
IDLV,CR-4,TGGATGGAGGAATGAGGAGTTGG,TCTTGGGAGGAATGAGGAGTAGG,-,240313168,240313190,2,16,0,0,0,GG,A,T,4,1,4,0,0,0,1,3,0,1,3,0,GG,GA,AG,GT,G,G,A,G,T,0.609865471,172.9,1785.3,6,1,5,11,G,T,A,T,G,4.18,34.09086207,-1.230517241,-5.759285714,4.99,34.145,-2.72,-0.56,144986997,2876183,0,-1,0,17,3,5.78235,0,0,0,1,0,0,0.399292449,-31.09666661,0.011222527,0.140979021,0.4182
IDLV,CR-4,TGGATGGAGGAATGAGGAGTTGG,TCTCAGGAGGAATGAGGAGTTGG,+,199886050,199886072,2,16,0,0,0,GG,T,T,4,1,4,0,0,0,1,3,0,1,3,0,GG,GA,AG,GT,G,G,A,G,T,0.439461883,167.3,1687.1,6,2,5,10,C,T,G,A,G,3.95,34.00275862,-1.400689655,-5.465357143,5.56,33.175,-1.835,-3.85,104559879,43303301,0,1200,1,0,5,0,0,0,0,0,0,0.00046639,0.315649905,-4.473333333,0.011222527,0.061085973,0.3381
IDLV,CR-4,TGGATGGAGGAATGAGGAGTTGG,GGGAGGAATGAATGAGGAGTTGG,+,5420444,5420466,12,16,0,0,0,GG,T,G,4,4,1,0,0,1,2,1,1,2,1,0,GG,GA,AG,GT,G,G,A,G,T,0.475336323,174.8,1720.7,7,0,4,12,A,G,G,A,A,3.95,34.21793103,-1.564655172,-5.941785714,5.42,33.755,-0.945,-2.74,29436228,5410444,0,-1,0,8,3,0,0,0,0,0,0,0,0.331459909,-7.194028444,0.00578964,0.326492753,0.3437
IDLV,CR-4,TGGATGGAGGAATGAGGAGTTGG,TTGGAGAAGGAATGAGGAGTAGG,+,47585446,47585468,17,16.75,1,1,0,GG,A,T,1,2,1,0,0,0,1,0,1,0,0,0,GG,GA,AG,GT,G,G,A,G,T,0.587443946,171,1838.5,8,0,4,11,A,T,G,T,G,4.31,34.17258621,-1.402413793,-6.07,4.98,34.505,-1.19,-1.39,22322440,33599742,0,300,1,0,1,4.4384,0,0,0,1,1,0,0.448866299,-32.17026661,0.00918184,0.198863636,0.4309
IDLV,CR-4,TGGATGGAGGAATGAGGAGTTGG,AGACGGGAGGAATGAGGAGTAGG,-,109738981,109739003,11,16,0,0,0,GG,A,A,4,2,2,0,0,0,1,3,1,2,1,0,GG,GA,AG,GT,G,G,A,G,T,0.488789238,176.4,1745.2,8,1,2,12,A,G,T,G,G,4.39,33.91603448,-1.435172414,-5.241785714,4.98,34.385,-1.145,-1.39,55094776,25257513,0,-1,0,91,2,0,0,0,0,0,0,0,0.396113876,-30.95777773,0.011389405,0.169411764,0.4039
IDLV,CR-4,TGGATGGAGGAATGAGGAGTTGG,AGGAGAGAGAAATGAGGAGTAGG,+,128958553,128958575,3,16,0,0,0,GG,A,A,4,3,1.333333333,0,0,1,2,1,2,2,0,0,GG,GA,AG,GT,G,G,A,G,T,0.475336323,166.3,1784.7,10,0,2,11,A,G,A,T,G,3.84,34.13655172,-1.751206897,-5.920714286,4.98,34.385,-1.145,-1.39,35453699,69053855,0,-1,0,76,1,0,0,0,0,0,0,0,0.381580212,-34.06895853,0.007972059,0.597333333,0.3872
IDLV,CR-4,TGGATGGAGGAATGAGGAGTTGG,GAGGATGGGGAATGAGGAGTAGG,+,15936422,15936444,2,16.75,1,1,0,GG,A,G,1,2,1,0,0,0,0,1,0,1,0,0,GG,GA,AG,GT,G,G,A,G,T,0.609865471,175.6,1800.5,7,0,3,13,G,C,A,G,C,4.39,34.01241379,-1.441034483,-4.7425,4.99,34.06,-2.27,-0.56,76389727,15926422,0,1500,0,40,5,0,0,0,0,0,0,0.013758513,0.401925359,-35.00743106,0.003571651,0.123652917,0.3762
IDLV,CR-5,CCCATCCATCCAGAGACACAGGG,CCCATCCATCCAGAGACACAGGG,-,48544540,48544562,X,20,0,0,0,GG,G,C,0,0,0,0,0,0,0,0,0,0,0,0,AC,CA,AC,CA,A,C,A,C,A,0.533632287,171,1735.4,7,9,2,5,A,A,G,A,A,4.43,34.17551724,-0.86,-5.810714286,4.68,33.63,-1.61,-1.76,10087450,48534540,0,3300,1,0,0,0,0,0,0,1,1,0.116597566,0.917932526,0,1,1,0.9403
IDLV,CR-5,CCCATCCATCCAGAGACACAGGG,CTCTTCCACCCAGAGACACAGGG,-,90817726,90817748,X,17,0,0,0,GG,G,C,3,3,1,0,0,1,0,2,1,0,1,1,AC,CA,AC,CA,A,C,A,C,A,0.502242152,168.2,1770.4,6,9,3,5,G,C,A,A,C,4.29,34.14086207,-1.221206897,-5.281785714,4.62,33.585,-2.215,-1.32,29185714,64442812,0,-1,0,187,0,0,0,0,0,0,0,0.005946476,0.568383923,-5.019317333,0.015689986,0.534011443,0.5762
IDLV,CR-5,CCCATCCATCCAGAGACACAGGG,CCATTCTATCCAGAGACACAGGG,+,119468927,119468949,1,17.75,1,0,1,GG,G,C,1,2,1,0,0,0,1,0,0,0,0,1,AC,CA,AC,CA,A,C,A,C,A,0.390134529,166.1,1720.5,7,7,4,5,G,G,G,A,A,4.39,34.07413793,-1.076896552,-5.436071429,4.62,33.43,-2.325,-1.32,2066485,119458927,0,2800,0,379,4,0,3.97045,0,0,1,1,0,0.492091883,-4.2736,0.014253155,0.448106061,0.5249
IDLV,CR-5,CCCATCCATCCAGAGACACAGGG,CCCATGCTTCCACAGACACAGGG,+,94042192,94042214,7,17,0,0,0,GG,G,C,3,3,1,0,1,0,2,0,0,1,2,0,AC,CA,AC,CA,A,C,A,C,A,0.426008969,172.7,1701.3,6,9,3,5,A,C,A,T,C,4.61,34.30344828,-0.801724138,-5.842857143,4.68,33.795,-1.27,-1.76,32987861,65086449,0,-1,1,0,5,5.5296,0,0,0,1,1,0,0.525514539,-10.40805642,0.006102284,0.090225564,0.5199
IDLV,CR-5,CCCATCCATCCAGAGACACAGGG,CCCACCCAGCCACAGACACAAGG,+,119233024,119233046,7,17,0,0,0,GG,A,C,3,3,1,0,1,1,1,0,1,1,1,0,AC,CA,AC,CA,A,C,A,C,A,0.551569507,176,1770.2,8,11,0,4,A,A,G,A,C,4.31,34.20775862,-1.017241379,-5.886785714,4.31,34.645,-1.675,-1.33,58178693,39895617,0,-1,0,130,5,0,0,0,0,0,0,0,0.547194097,-37.2410537,0.006225747,0.260651629,0.5564
IDLV,CR-5,CCCATCCATCCAGAGACACAGGG,CCCACCCAGCCACAGACACAAGG,+,80608251,80608273,10,17,0,0,0,GG,A,C,3,3,1,0,1,1,1,0,1,1,1,0,AC,CA,AC,CA,A,C,A,C,A,0.547085202,176,1765.4,8,11,0,4,A,A,A,A,A,3.38,34.55982759,-1.249310345,-6.743214286,4.31,34.645,-1.675,-1.33,38353316,54916474,0,3250,0,346,3,0,0,0,0,0,0,0,0.54139193,-37.2410537,0.006225747,0.260651629,0.5632
IDLV,CR-5,CCCATCCATCCAGAGACACAGGG,CCCGTCCCTCCGGAGACACAAGG,+,62373613,62373635,11,17,0,0,0,GG,A,C,3,3,1,0,0,1,1,1,0,0,1,2,AC,CA,AC,CA,A,C,A,C,A,0.641255605,186.8,1877.1,5,10,2,6,C,G,A,A,G,4.51,34.20137931,-1.133448276,-5.609642857,4.51,34.455,-2.36,-1.5,7729408,62363613,0,1250,1,0,1,0,6.04455,0,1,1,1,0,0.572278909,-35.47143363,0.013147679,0.193452381,0.5927
IDLV,CR-5,CCCATCCATCCAGAGACACAGGG,CACATGCATCCAGAGACAAAAGG,+,42146198,42146220,14,17,0,0,0,GG,A,C,3,3,1,1,0,0,1,1,0,3,0,0,AC,CA,AA,AA,A,C,A,A,A,0.376681614,165.6,1706.6,10,6,2,5,T,A,A,A,A,3.38,34.75448276,-0.797758621,-8.119285714,3.75,35.46,-3.04,-1.48,23146198,42136198,0,-1,0,602,4,0,0,0,0,1,0,0,0.470087394,-47.6730925,0.006595492,0.155844156,0.4771
IDLV,CR-5,CCCATCCATCCAGAGACACAGGG,CCCATCACTCCATAGACACAAGG,-,81612544,81612566,5,17,0,0,0,GG,A,C,3,2,1.5,0,1,0,2,0,0,1,2,0,AC,CA,AC,CA,A,C,A,C,A,0.484304933,165,1769.6,8,9,3,3,G,G,C,C,T,4.42,34.00948276,-0.799310345,-5.257857143,4.42,34,-3.045,-0.14,32206903,81602544,0,3950,1,0,5,0,4.66015,0,0,1,1,0,0.500559474,-37.3769897,0.006723024,0.096428572,0.4829
IDLV,CR-5,CCCATCCATCCAGAGACACAGGG,CCTGTCCATCCAGACACACATGG,-,36338348,36338370,7,17,0,0,0,GG,T,C,3,2,1.5,0,1,0,0,2,0,0,1,2,AC,CA,AC,CA,A,C,A,C,A,0.484304933,160.2,1749.3,6,9,4,4,G,C,A,C,A,4.63,34.17189655,-0.149827586,-6.235714286,5.19,33.45,-2.29,-2.37,21715961,36328348,0,4700,1,0,2,0,4.9898,0,0,1,1,0,0.509935137,-37.73943373,0.007083224,0.1171875,0.4827
IDLV,CR-5,CCCATCCATCCAGAGACACAGGG,CCCATCCAGGCAGAGTCACAAGG,-,72460177,72460199,10,17,0,0,0,GG,A,C,3,2,1.5,0,1,2,0,0,0,2,1,0,TC,CA,AC,CA,T,C,A,C,A,0.542600897,173.8,1757.2,7,8,2,6,T,C,A,C,C,3.75,34.21137931,-1.031724138,-5.715357143,3.75,35.36,-2.865,-1.48,30205242,63064548,0,250,1,0,1,0,4.9733,0,0,1,1,0,0.467926142,-43.89181862,0.002485482,0,0.4656
IDLV,CR-5,CCCATCCATCCAGAGACACAGGG,TCCATCCCTCCAGAAACACACGG,-,105603133,105603155,11,17,0,0,0,GG,C,T,3,3,1,0,1,0,1,1,1,0,1,1,AC,CA,AC,CA,A,C,A,C,A,0.493273543,174.4,1708.2,7,10,3,3,C,T,G,C,T,4.65,34.24448276,-0.818965517,-5.879642857,5.08,33.53,-1.51,-3.97,50958928,29393361,0,-1,0,422,5,0,1.08685,0,0,1,1,0,0.527437322,-38.72219817,0.008728027,0.403361345,0.5457
IDLV,CR-5,CCCATCCATCCAGAGACACAGGG,CCCACCCATTAAGAGACACAAGG,-,43743725,43743747,13,17,0,0,0,GG,A,C,3,2,1.5,0,0,2,1,0,1,1,0,1,AC,CA,AC,CA,A,C,A,C,A,0.408071749,174.2,1725.8,9,8,2,4,T,C,C,T,T,3.75,34.3462069,-1.360862069,-6.160714286,3.75,35.36,-2.865,-1.48,24743725,43733725,0,-1,0,88,3,0,0,0,0,0,0,0,0.530686908,-35.94633104,0.013001265,0.705882353,0.5462
IDLV,CR-5,CCCATCCATCCAGAGACACAGGG,CCTCTGCATTCAGAGACACAGGG,+,25341992,25342014,1,16,0,0,0,GG,G,C,4,3,1.333333333,0,0,1,1,2,0,1,1,2,AC,CA,AC,CA,A,C,A,C,A,0.582959641,165.2,1811.3,6,7,4,6,A,A,A,A,T,3.63,34.38551724,-1.047586207,-6.498571429,4.68,33.63,-1.61,-1.76,96193420,25331992,0,2100,0,2,1,0,0,0,0,0,0,0,0.401591373,-7.5111808,0.006642556,0.114186851,0.4186
IDLV,CR-5,CCCATCCATCCAGAGACACAGGG,CCCTTCATGCCAGAGACACACGG,+,231799753,231799775,2,16.75,1,0,1,GG,C,C,2,3,1,0,0,0,1,1,0,0,1,1,AC,CA,AC,CA,A,C,A,C,A,0.600896861,173.4,1785.9,6,9,3,5,G,T,C,T,C,4.42,34.19,-0.839310345,-5.624285714,4.92,33.63,-1.905,-2.81,136473582,11389598,0,-1,0,13,1,0,0,0,0,0,0,0,0.406191,-35.37123728,0.005527467,0.126623377,0.3804
IDLV,CR-5,CCCATCCATCCAGAGACACAGGG,ATCACCAATCCAGAGACACAGGG,+,98024008,98024030,10,16,0,0,0,GG,G,A,4,3,1.333333333,0,0,0,2,2,1,2,0,1,AC,CA,AC,CA,A,C,A,C,A,0.511210762,164.6,1723.3,9,7,2,5,T,G,T,C,C,4.19,34.28034483,-0.650344828,-6.904285714,4.29,34.415,-1.565,-2.62,55769073,37500717,0,-1,1,0,2,0,1.5446,0,0,1,1,0,0.413353909,-5.041377778,0.009322557,0.681818182,0.4172
IDLV,CR-5,CCCATCCATCCAGAGACACAGGG,CCCTGGCCTCCAGAGACACAGGG,+,64017224,64017246,11,16,0,0,0,GG,G,C,4,2,2,0,0,0,3,1,0,2,2,0,AC,CA,AC,CA,A,C,A,C,A,0.538116592,180.1,1817.2,5,9,2,7,T,T,G,G,G,4.03,33.89965517,-0.879310345,-4.474642857,4.29,34.655,-1.715,-2.62,9373019,64007224,0,1200,1,0,1,0,0,0,0,0,0,0,0.418286295,-6.85632,0.008012314,0.087272727,0.4254
IDLV,CR-5,CCCATCCATCCAGAGACACAGGG,CACATGTCTCCAGAGACACAGGG,+,55769502,55769524,18,16,0,0,0,GG,G,C,4,2,2,0,0,0,3,1,0,2,1,1,AC,CA,AC,CA,A,C,A,C,A,0.461883408,156,1717.5,7,7,3,6,C,C,T,A,G,4.72,33.89017241,-0.546896552,-5.835,4.73,33.555,-2.26,-1.88,37308604,22297724,0,-1,1,0,2,0,0,0,0,1,1,0,0.383497844,-7.123253333,0.005640147,0.126623377,0.3697
IDLV,CR-5,CCCATCCATCCAGAGACACAGGG,TCCATCCGGACAGAGACACACGG,+,29910751,29910773,20,16,0,0,0,GG,C,T,4,2,2,0,0,2,1,1,0,2,0,2,AC,CA,AC,CA,A,C,A,C,A,0.448430493,169.2,1720.2,7,8,2,6,C,T,G,C,A,4.36,34.40534483,-0.434482759,-6.103214286,5.08,33.53,-1.51,-3.97,541182,29900751,0,-1,0,97,4,0,0,0,0,0,0,0,0.351651515,-36.37526253,0.007932529,0.393439153,0.3633
IDLV,CR-5,CCCATCCATCCAGAGACACAGGG,CACATGCAAACAGAGACACATGG,-,152674102,152674124,7,16,0,0,0,GG,T,C,4,3,1.333333333,0,0,2,1,1,0,4,0,0,AC,CA,AC,CA,A,C,A,C,A,0.313901345,156.7,1678,10,6,2,5,A,A,A,T,G,3.84,34.55913793,-0.170344828,-8.295357143,5.34,33.745,-0.565,-3.37,91619771,6454539,0,-1,0,461,5,0,0,0,0,0,0,0,0.31154376,-35.75383141,0.004723303,0.292640693,0.3264
IDLV,CR-5,CCCATCCATCCAGAGACACAGGG,CGTACCCACCCAGAGACACACGG,-,101674109,101674131,9,16,0,0,0,GG,C,C,4,3,1.333333333,0,0,1,1,2,2,1,0,1,AC,CA,AC,CA,A,C,A,C,A,0.524663677,173.8,1720.1,7,10,1,5,G,C,A,C,A,4.66,34.10068966,-0.204310345,-5.605357143,4.92,33.595,-1.875,-2.81,51306430,39529300,0,4950,0,25,3,0,0,0,0,0,0,0,0.451790302,-32.88265061,0.007176566,0.441471572,0.4663
IDLV,CR-5,CCCATCCATCCAGAGACACAGGG,GACAACCAGCCAGAGACACATGG,-,63590623,63590645,10,16,0,0,0,GG,T,G,4,3,1.333333333,0,0,1,1,2,0,4,0,0,AC,CA,AC,CA,A,C,A,C,A,0.547085202,162.8,1743.4,9,7,1,6,G,C,T,T,G,4.17,34.13672414,-0.543275862,-6.128214286,5.19,33.45,-2.29,-2.37,21335688,63580623,0,4250,1,0,5,0,0,0,0,0,0,0,0.327664087,-32.57709506,0.008476779,0.205533597,0.3227
IDLV,CR-5,CCCATCCATCCAGAGACACAGGG,CTCAGCCCCCCAGAGACACAGGG,-,131737388,131737410,12,16,0,0,0,GG,G,C,4,3,1.333333333,0,0,1,2,1,1,1,1,1,AC,CA,AC,CA,A,C,A,C,A,0.591928251,180.1,1777.7,6,10,1,6,G,G,A,A,C,4.37,33.94724138,-1.385517241,-4.536428571,4.62,33.43,-2.325,-1.32,93880694,2104485,0,1200,1,0,3,0,0,0,0,0,0,0,0.407452262,-7.747637333,0.008344844,0.23016983,0.4254
IDLV,CR-5,CCCATCCATCCAGAGACACAGGG,ATCATCTGTCCAGAGACACAAGG,-,31491514,31491536,20,16,0,0,0,GG,A,A,4,2,2,0,0,0,2,2,0,1,0,3,AC,CA,AC,CA,A,C,A,C,A,0.484304933,156,1768.1,8,6,4,5,A,T,T,C,C,4.12,34.5,-1.245344828,-7.254285714,4.31,34.635,-1.66,-1.33,2121945,31481514,0,800,1,0,1,0,1.92495,0,0,0,0,0,0.43482534,-32.71303106,0.009467656,0.541666666,0.4403
